Compound_ID,Docking_Score_kcal_mol,Activity_Status,Molecular_Weight,LogP
DECOY_1470,-7.600870373071028,decoy,441.92676327844185,3.7169610482990274
DECOY_1392,-6.233458460592504,decoy,344.95163035645083,2.5226916288742673
DECOY_0302,-5.229321131800244,decoy,390.78331489636787,2.3362412969377084
DECOY_0303,-5.675502355328398,decoy,411.33157395032134,4.850372584190856
DECOY_0529,-6.16678289440771,decoy,405.7128951350497,2.6557365928228345
DECOY_0305,-7.139270330565691,decoy,375.55946278448477,3.3996337996190498
DECOY_0301,-8.496780706189686,decoy,336.7662154369225,2.3376334874943265
DECOY_0191,-6.1898674599765515,decoy,395.8417314506647,2.2003988465202347
DECOY_0212,-6.6314810663809425,decoy,344.2199762955704,2.235982576474691
DECOY_1486,-5.845791249390296,decoy,434.73881375961895,3.1005247510317178
DECOY_0952,-5.586584751604791,decoy,313.888922963009,2.3163847659932197
DECOY_0919,-4.927356070669841,decoy,394.7788809268152,1.126870860733372
DECOY_0016,-7.30298308268406,decoy,385.90879139555653,1.6219533692054342
DECOY_1247,-7.698697532686719,decoy,404.7672550968816,2.5472869479749694
ACTIVE_031,-11.078175193067501,active,365.7892874412358,2.783611925588135
DECOY_0415,-5.123536035148419,decoy,268.9964541622965,3.4997009709081897
DECOY_1332,-6.266154131331309,decoy,323.9644510660579,2.8604017392265715
DECOY_1451,-6.514224773109062,decoy,391.73521658603835,1.057734961949116
DECOY_0126,-6.1785418754573636,decoy,341.59768709605225,2.7888512914539625
DECOY_0119,-7.832759183381462,decoy,291.65690359906205,3.1803591152729016
DECOY_0930,-7.20925110751778,decoy,451.0050730005323,3.684718655287216
DECOY_0960,-6.835884304695794,decoy,415.2036771597624,2.8498419156850026
DECOY_0480,-7.096148944185893,decoy,375.28007341079325,3.15147642018642
DECOY_0226,-7.032932140636861,decoy,429.24124482539105,2.9405808512988076
DECOY_0975,-7.494901696569848,decoy,356.18247832608336,1.8584376620245053
DECOY_0775,-6.374943410034683,decoy,421.81319567441614,3.0102315487062783
DECOY_0295,-5.140495320766578,decoy,404.86739739230313,2.9791344122996497
DECOY_0188,-6.937884051635881,decoy,356.7704151851824,3.0660159017830955
DECOY_1018,-6.797041168405474,decoy,406.13135637937734,3.3944388912849326
DECOY_0010,-7.14571811355664,decoy,400.9449079570071,1.4563887362045462
DECOY_0275,-7.391160593108396,decoy,404.1745263026571,2.0945088947264647
DECOY_0222,-6.60729227901153,decoy,381.2209858809555,3.456486675450572
DECOY_0322,-6.280508743477505,decoy,391.16512378365843,2.8555891010438987
DECOY_0113,-7.342447302039915,decoy,444.35490932243187,2.6250777242643943
DECOY_0505,-6.956880302232879,decoy,387.5526872860801,2.0272030307244973
DECOY_1031,-8.163116526411397,decoy,395.07683979671793,2.87127904888527
DECOY_0457,-6.103031907741588,decoy,406.78977201369264,2.8244232710593975
DECOY_1434,-6.587762050072307,decoy,436.87333596091906,3.039929267766573
DECOY_0419,-7.507721568976396,decoy,346.301752609628,3.9192005456060217
DECOY_0135,-6.11217605286222,decoy,434.93026844700637,4.1323775559146165
DECOY_0594,-9.513468974099478,decoy,425.5967515937956,3.0659025881468076
DECOY_0282,-7.087913122118566,decoy,413.9678273648207,2.3195561886737406
DECOY_0445,-6.5394684474256275,decoy,415.0541828856096,1.6599176964242366
DECOY_1051,-6.604729547513042,decoy,442.1429031911768,2.454195116601885
DECOY_0210,-6.796991263160956,decoy,464.12786023906983,3.3987056223041208
DECOY_0225,-6.974067183324003,decoy,449.6316439318565,2.2577731854811702
DECOY_1120,-8.94080488004434,decoy,449.38717070693855,3.561890385685959
DECOY_0587,-5.367497279750918,decoy,412.55881462706867,3.1012685794876726
DECOY_0798,-8.379404919235768,decoy,385.51801655899527,3.54647288103803
DECOY_0915,-6.80096157914708,decoy,418.15902960281005,3.0982885477376025
DECOY_0075,-5.782115751929857,decoy,439.4707146309669,2.448809945959915
DECOY_0389,-5.352856574385135,decoy,424.0805315108694,3.5424703649211597
DECOY_1212,-7.524924077116878,decoy,291.92512887534406,2.944636547727634
DECOY_1170,-7.268908249205784,decoy,437.0445751228907,1.463227742472084
DECOY_1446,-5.526888659391819,decoy,407.9463064188078,3.289136474614129
DECOY_1206,-5.519452592357333,decoy,335.2946954255589,2.567971358071023
DECOY_0290,-7.273201139612451,decoy,377.61747053655324,3.924183230289084
DECOY_0535,-7.623153191457089,decoy,416.4485690630139,2.318985900270814
DECOY_1298,-4.848156238626977,decoy,413.0890986245621,3.134511231996063
ACTIVE_024,-9.602399144816856,active,289.0925617704065,2.714340172323479
DECOY_0927,-6.18261987525201,decoy,375.0755945168533,2.6637625364014124
DECOY_0154,-5.922316602020596,decoy,419.9896482512644,2.574906215385107
DECOY_0367,-8.446044336374378,decoy,448.7736723139449,2.5611849674177307
ACTIVE_050,-8.789712530272798,active,372.29364950287714,2.7807420856099854
DECOY_0859,-8.0454726320194,decoy,322.9583132805126,2.699082459562833
DECOY_0921,-4.7230042260929554,decoy,391.9019932742358,3.5164669670095225
DECOY_0695,-6.526626023722456,decoy,356.23167264890503,1.737835081179822
DECOY_0248,-6.31792656844365,decoy,459.3395839188398,3.6541047367748254
DECOY_1448,-5.84341011294688,decoy,480.39738169889125,1.805769047257443
DECOY_0384,-7.5135360680133685,decoy,340.0878550293736,0.9494328733785231
DECOY_0666,-5.424508854522156,decoy,426.8347776710783,1.715525671285592
DECOY_0437,-7.446337949391335,decoy,405.8081011074889,2.2162345714182106
DECOY_0074,-8.289816856463203,decoy,392.7372507417207,4.164242900695079
DECOY_0579,-6.242960045019468,decoy,305.45092372795943,2.783064209100225
DECOY_0792,-5.661485122528155,decoy,389.61804455856907,3.1955690065761306
DECOY_1225,-4.954266174438477,decoy,390.13512488388835,2.8002511006375626
DECOY_0149,-8.391691063055191,decoy,324.02133478373753,1.0901415176911604
DECOY_0150,-5.781298695052054,decoy,424.130798749004,3.484877435029473
DECOY_1072,-5.2923285878171065,decoy,344.27307637372905,2.582534661346846
DECOY_0534,-6.3622025927703945,decoy,391.4631090405045,2.323115079422463
DECOY_1000,-8.099634049145592,decoy,440.12702108930773,3.525138667264375
DECOY_0681,-7.858610032195194,decoy,336.78859702457396,2.571415653701121
DECOY_0050,-8.067751933144496,decoy,384.1712430817463,2.974883619991194
DECOY_1490,-7.420532295411783,decoy,376.48020693603723,3.2714510180267875
DECOY_0002,-4.343305048433436,decoy,376.12191860071414,3.572846852715131
DECOY_0021,-6.263978284029882,decoy,329.85574091289345,2.0933500770591698
DECOY_0572,-6.229654406747697,decoy,412.18275138499274,3.4815807830410566
DECOY_0027,-9.072112480134974,decoy,407.4328706692626,3.201959616752874
DECOY_0937,-6.606629488548941,decoy,421.0911281275511,3.420776691060679
DECOY_0465,-5.336185957064244,decoy,292.3058928646548,3.030355304238143
DECOY_0092,-7.772351137038772,decoy,404.89411306311007,2.082449896031771
DECOY_0221,-6.131853677453212,decoy,444.1056203275772,3.48298535513096
DECOY_0858,-4.8588244604580675,decoy,420.7438148122788,2.756997758286395
DECOY_0190,-6.432040507374275,decoy,361.29736071746294,2.029282068974586
DECOY_1352,-6.794858002919383,decoy,378.24736393022647,2.2846462533130563
DECOY_0938,-4.991369583054693,decoy,393.06479816364026,3.0151139062001375
DECOY_0708,-8.305318444217358,decoy,329.6768550919202,3.229491649383417
DECOY_0171,-5.29928585497206,decoy,316.3242089634694,2.0491986139492786
DECOY_1049,-7.298387035467184,decoy,355.0651823258016,2.4193537106882115
DECOY_0658,-7.329114114912199,decoy,417.0049698294729,3.155396348393266
DECOY_0136,-6.680613671489245,decoy,418.5714656226118,2.8980052453971985
DECOY_1042,-8.79082587422646,decoy,303.0078949868496,2.6042294688923655
DECOY_0611,-8.209367663179409,decoy,365.3140662439251,2.2495674979596707
DECOY_0267,-7.639458039095495,decoy,445.6988997529711,3.1345024363275265
DECOY_1210,-5.1329400049997576,decoy,322.16886517015143,2.952937792678851
DECOY_0767,-8.492449089355784,decoy,406.01273687354654,1.7456304469822657
DECOY_1068,-7.662515189798691,decoy,402.97549603932333,3.8710392705392582
DECOY_0644,-5.201368165477991,decoy,354.7884127630974,3.311849289913969
DECOY_0086,-7.745199226266342,decoy,391.7216098918383,2.4503089795056523
DECOY_0665,-6.701937706838193,decoy,384.33392027890505,2.2824872872944306
DECOY_0770,-6.45998560157271,decoy,450.71891698811856,3.6052999550736207
DECOY_0623,-4.01050684509293,decoy,367.07854119115865,2.325697240477007
DECOY_0434,-7.224808667523278,decoy,459.456681030964,4.232784151015268
DECOY_1482,-6.888464732913543,decoy,442.21939003594827,4.423471768867446
DECOY_0018,-7.048152451760156,decoy,423.21307141453,1.9533276654274736
DECOY_0332,-6.294399423517781,decoy,475.96393715388615,3.143114762383161
DECOY_0602,-6.12552772846847,decoy,378.4774854442695,2.0716209481659673
DECOY_0731,-6.368349777445496,decoy,344.97205863693745,2.659261374919714
DECOY_1159,-7.411541423672647,decoy,361.35334964571405,2.7134022958665427
DECOY_0657,-7.9011976658705825,decoy,354.05315673252073,3.5356807884616748
DECOY_1367,-9.18741886842124,decoy,383.8091001656741,1.9383915226044632
DECOY_1307,-5.7110099141250625,decoy,338.85522707379636,3.3508740116134033
DECOY_0815,-7.720788207919286,decoy,367.9377608278949,2.783747520521265
DECOY_1126,-8.878226697949053,decoy,410.24915347242114,2.471262380041355
DECOY_0364,-6.975853483531975,decoy,410.4556332934325,3.00573213971298
DECOY_1045,-6.232763778632859,decoy,312.37021296146804,3.993762664125846
DECOY_1240,-8.66358560914399,decoy,360.59957690133837,3.6669628688898817
ACTIVE_030,-8.980275317909056,active,380.19660100233904,3.0558207154017
DECOY_1495,-7.080304527252515,decoy,395.3321507553487,2.979078833875645
DECOY_0671,-5.631802905326686,decoy,413.1368443438338,2.6499034855787995
DECOY_0390,-6.514221748777065,decoy,454.83970630296903,2.325212218408943
DECOY_0527,-6.549771589812539,decoy,358.59785955088955,3.2547780500241665
DECOY_1048,-7.976957793485727,decoy,290.5661483026737,3.9740732146889703
DECOY_1442,-7.2796317491271845,decoy,383.0768573809407,2.8102409717542693
DECOY_1359,-5.958490152906232,decoy,413.28079243949617,2.389684949175085
DECOY_1289,-6.445672469006998,decoy,386.4807723489368,1.718398817122529
DECOY_1333,-6.2563762643248,decoy,379.2520410522814,2.9117140041978087
DECOY_0753,-6.621865709661297,decoy,441.3921760522233,2.790113471897293
DECOY_0945,-6.382457683706422,decoy,420.43207169807926,3.4694518932102314
DECOY_1213,-5.994754966479307,decoy,386.30381517677444,2.5422319276054255
DECOY_0376,-7.121784089531418,decoy,421.442170695493,3.3988079090415404
DECOY_0852,-6.055148325343996,decoy,467.6017261592472,3.2911308552802994
DECOY_0796,-6.465829944709963,decoy,321.65372800232825,2.5626669314806834
DECOY_0362,-6.891904900846229,decoy,474.9793730795569,2.6390668960226074
DECOY_0718,-5.201369096210147,decoy,349.1903954713247,2.890975927754379
DECOY_0694,-8.170229021184882,decoy,328.34103185962374,2.6055055689615267
DECOY_0240,-6.29201010408171,decoy,419.6593084673508,1.2744079512903506
DECOY_0257,-6.575671072609408,decoy,410.9702574330492,2.6266543139657386
DECOY_0478,-7.501984525849043,decoy,370.8658606696499,2.552662225335563
DECOY_0479,-8.544735652961299,decoy,454.7634505748487,2.8039629501217624
DECOY_0413,-4.6823804528585775,decoy,344.3094412423966,2.7872784661169345
DECOY_1008,-5.239789561498388,decoy,338.14515293709314,2.8238378700217077
DECOY_1186,-6.179746277692526,decoy,327.1981022839521,3.748294049728081
DECOY_0564,-6.214242504911991,decoy,356.98081390746125,2.7378816511155204
ACTIVE_045,-10.272734369704954,active,383.5751423667379,2.0204941311865166
DECOY_1241,-7.328669298500714,decoy,412.57192184201267,1.6787140696651892
DECOY_0585,-6.239393980586367,decoy,426.1987617620881,2.3442547169013483
DECOY_1116,-5.894839086982544,decoy,366.582624104884,3.2848805891030244
DECOY_1095,-7.565560622956521,decoy,396.0947677691284,3.8439104339435892
DECOY_1093,-8.74648983829083,decoy,334.2035729733761,1.9030038491367103
DECOY_1138,-4.737221391961151,decoy,327.14448798323104,2.670982900060096
DECOY_0066,-7.215675414162179,decoy,458.43245521251976,3.117205802428141
DECOY_1139,-6.879725021128074,decoy,373.7339915801277,2.479890000556235
DECOY_1054,-7.841022522628578,decoy,435.1628082423622,2.212971753446679
DECOY_0933,-4.322786327488922,decoy,375.05070085607883,2.7694594313519287
DECOY_0941,-5.744847056951302,decoy,383.1957259299998,3.1771681255390822
DECOY_0992,-5.905512625994423,decoy,403.9620695351706,3.282746637165455
DECOY_1154,-9.666145875218238,decoy,415.468834704324,2.3055291752428904
DECOY_0630,-8.544334475158267,decoy,425.0719846547954,2.7141899829669067
DECOY_0029,-5.890946653915279,decoy,374.03868025374214,2.1468432777336104
DECOY_0249,-5.861471002976713,decoy,292.5659099764816,1.351982406933583
DECOY_1379,-5.508816276921196,decoy,329.2039173202478,2.9767953342836617
DECOY_0628,-5.739526385900133,decoy,338.9027404503188,3.514879816419094
DECOY_0549,-6.410165746442646,decoy,416.8719592830246,3.4641378178440227
DECOY_0283,-6.805408206309215,decoy,405.1568479813665,1.8602264708911218
DECOY_0895,-6.436252031605081,decoy,400.20044332974675,1.674734597613452
ACTIVE_016,-11.155666835261409,active,363.93675896775017,3.8272761785128875
DECOY_0548,-6.3941969973489865,decoy,401.70415375581985,1.9752187786230446
DECOY_1044,-6.644221733087081,decoy,459.9761253170965,2.184386489033482
DECOY_0356,-5.886604234579593,decoy,424.0089221853463,2.370067378902592
DECOY_1190,-6.97213838570417,decoy,342.5759164625605,2.600663114619491
DECOY_0444,-5.617956095718279,decoy,397.78705999066364,3.195589815863541
DECOY_0304,-7.467376029027674,decoy,362.8102164897766,3.6328191403023817
DECOY_0736,-4.782258075301504,decoy,344.01653612721753,3.461118404018989
DECOY_1335,-7.544282752823681,decoy,395.6603611779633,3.090438385514687
DECOY_0485,-6.327088223139743,decoy,342.73191081733614,2.9129615764991628
DECOY_1309,-4.881929381114786,decoy,327.92914046340695,2.2492098689313718
DECOY_1127,-5.459768357978048,decoy,397.1931516045694,1.4515881997598155
DECOY_0517,-7.422947275746083,decoy,420.94763772278907,1.8141928140416836
DECOY_1432,-6.461352643534133,decoy,467.67476861061,2.4145697564728406
DECOY_1447,-7.844381990045907,decoy,381.8783740651511,2.3143977830307367
DECOY_0383,-7.673523940991026,decoy,450.761793727619,2.546245721188344
DECOY_1454,-4.575536649469326,decoy,344.50572188339873,3.4779636923600865
DECOY_0888,-7.061836129832574,decoy,421.66980102210454,3.061256821794068
DECOY_1003,-4.92367004962362,decoy,355.81494724698274,2.475289202576915
DECOY_1308,-5.354440352248673,decoy,306.9299305858833,2.6946719180159175
DECOY_1001,-7.452502590332144,decoy,373.3059145034182,3.735108736814612
DECOY_0195,-8.817648314929627,decoy,389.356505124378,2.0138435521392313
DECOY_0007,-7.973562079530352,decoy,396.8395245229286,3.521583340793057
DECOY_1026,-7.810935958645108,decoy,369.5836952457239,3.628804573341278
DECOY_1399,-5.628779383907935,decoy,383.0252295143597,2.885816838398935
DECOY_1480,-6.87032226727438,decoy,465.3047935202114,2.9266203211712134
DECOY_1227,-5.5533800934416195,decoy,425.0984528602127,2.891191624224926
DECOY_1063,-7.32194696268282,decoy,403.2192300257959,1.8732886956289363
ACTIVE_044,-8.229184195811328,active,406.98974631752156,3.136220922277431
DECOY_0422,-7.116476135804054,decoy,350.66167341424466,2.779893982552826
DECOY_0830,-6.680594034312095,decoy,416.87256539611616,2.7745102340054064
DECOY_0969,-7.685349545678776,decoy,401.5014254485115,3.255709551684256
DECOY_0448,-5.623898654025313,decoy,388.9043772639896,3.2939338291962903
DECOY_0052,-7.160194086257662,decoy,334.82787195143084,3.3914321084693855
DECOY_1147,-6.213233571751168,decoy,435.47802328240743,2.8373194109958537
DECOY_1331,-7.380055067218425,decoy,327.36262895718835,3.632847268449055
DECOY_0058,-7.345038400032795,decoy,450.6266669062612,2.814131055573418
DECOY_0707,-7.373866884656362,decoy,378.83222677399567,3.110900967081531
DECOY_1465,-7.712404455042601,decoy,440.30825997876605,3.0906585582544346
DECOY_0762,-9.003449979318882,decoy,436.0069904236291,2.4873238988674684
DECOY_0378,-8.395244857435763,decoy,335.68934272389254,4.000041024309764
DECOY_0511,-6.05064451799957,decoy,430.2066157621352,3.0185685062929815
DECOY_1035,-8.864032760784216,decoy,381.3680636726326,2.078922077490157
DECOY_1047,-6.455947947177067,decoy,423.66972524475005,2.58253105494714
DECOY_0692,-6.850785241672335,decoy,381.4876697509683,2.7189939977141107
DECOY_0806,-6.701967173249028,decoy,393.0939207054149,2.9624905959990744
DECOY_0079,-4.69662775696842,decoy,306.31819739023035,2.3288550439301936
DECOY_1053,-5.96645927443125,decoy,402.1682791526959,3.694478217612928
DECOY_0325,-9.56981538856316,decoy,359.63658229786876,4.283514114820233
DECOY_1255,-7.31449492259398,decoy,385.9976425335956,2.0656497245148837
DECOY_0837,-7.8680392611430285,decoy,417.48321064046047,1.3650504734609725
DECOY_0334,-8.197243939092958,decoy,367.1682183159681,3.18991375883317
DECOY_0625,-5.968530653031763,decoy,313.0255969923456,3.7739299509888546
DECOY_1329,-8.357182549498308,decoy,435.1585571354881,2.6226917557422853
DECOY_0312,-6.512318396396961,decoy,363.9057112576603,2.308048941883664
DECOY_0633,-7.580488634458477,decoy,373.9546107950112,1.3130998717554443
DECOY_0998,-6.469418751480576,decoy,394.955280433361,2.110156186518416
DECOY_0260,-5.258045311067057,decoy,329.18998166418476,3.1986720127193644
DECOY_0198,-5.78433910020612,decoy,463.67650690359915,2.8511493635638288
DECOY_0980,-7.80013001441127,decoy,355.0331181502319,1.8696475088539133
DECOY_1394,-5.793578410888225,decoy,386.9767135636672,2.418043697505775
DECOY_0541,-6.769035781153418,decoy,445.9434492918917,2.3717473316223714
ACTIVE_033,-10.588180609536954,active,408.713325018184,4.358148625782071
DECOY_0739,-6.424801263654532,decoy,404.0409893831326,3.055770017711622
DECOY_0483,-5.913415966055419,decoy,342.0973125125206,2.717557751227546
DECOY_0577,-6.103047028431819,decoy,389.11722859920627,2.6117543918595643
DECOY_0379,-7.335664642463854,decoy,442.2203608256074,2.0539802530739015
DECOY_0620,-7.378570287576624,decoy,392.86130140610794,1.4041408729355045
DECOY_0318,-6.824312952727199,decoy,415.68621508526934,4.163077427338677
DECOY_1478,-7.276228075069574,decoy,370.62827166494316,2.2001799076736344
DECOY_1075,-5.745235262614198,decoy,356.35583830663836,2.3251605056802997
DECOY_0881,-6.545786819460916,decoy,476.21286483210025,1.9204432249369878
DECOY_0182,-6.219928344708056,decoy,359.7425384935668,4.460593161080044
DECOY_0502,-6.304565462883792,decoy,371.1520865556739,2.547414384767466
DECOY_1276,-6.836881429908397,decoy,435.81558231921775,3.0190041791938054
DECOY_0333,-7.625179757544172,decoy,413.9679350041191,3.4663710800158816
DECOY_0114,-5.790103316817301,decoy,395.2896900321922,3.165867347776328
DECOY_1393,-6.412090280965889,decoy,389.5928386582722,2.4753613922606554
DECOY_0494,-7.010372140788273,decoy,434.3927642152142,3.1713697107597616
DECOY_1236,-6.970570615696435,decoy,303.1788944331262,3.4335097901030704
DECOY_0948,-6.653676515095455,decoy,482.4020098140403,3.9382891246879956
DECOY_0771,-7.987048826857762,decoy,431.62231346481104,2.676949855480052
DECOY_1178,-6.346800622651768,decoy,422.1720924470567,2.3819075457907104
DECOY_0143,-9.027241844171915,decoy,422.77702874964916,3.928367469294161
DECOY_1057,-5.345067152751654,decoy,353.27071162910903,2.9787219786654537
DECOY_0014,-6.610352068413206,decoy,402.86661294141123,3.195529561039552
DECOY_1091,-5.4202129207488845,decoy,396.3710429541887,2.2241433224844043
DECOY_0854,-6.07242642323725,decoy,378.84445968277385,3.053224433635444
DECOY_1041,-8.164716842383264,decoy,343.0068065690083,3.268219174113163
DECOY_0565,-6.318121719520198,decoy,429.74931570425383,3.504959460854763
DECOY_0429,-3.8268886289374695,decoy,346.96798000852436,3.122067296411544
DECOY_0568,-6.189013059105372,decoy,444.33817841858803,1.9817046375258363
DECOY_1198,-5.563129933527286,decoy,389.77315828482364,2.4973943015225
DECOY_0169,-8.063645975592676,decoy,387.0921777853817,2.877046713595278
DECOY_0464,-7.47836986978228,decoy,396.92699638261416,2.8427617302857775
DECOY_1202,-7.710293318532519,decoy,361.8484622657055,4.196472111357194
DECOY_0924,-5.847060641340088,decoy,447.46819508323523,2.346819713701617
DECOY_1426,-5.1098525096012715,decoy,390.47184256558245,2.105241459063188
DECOY_0994,-7.170438883460568,decoy,346.40532154125657,1.972255087293568
DECOY_1228,-8.65649997934932,decoy,333.46802393048034,3.136280545642826
DECOY_1062,-5.194551623703708,decoy,302.6019906990282,2.6238958573614446
DECOY_1067,-6.689259643525238,decoy,453.75796415945547,2.663423445192971
DECOY_0917,-7.375906352121553,decoy,346.699986472078,2.8540446751879163
DECOY_0843,-8.58646364637509,decoy,406.9786282618739,2.6228278230610096
DECOY_1292,-8.851315140229342,decoy,361.26551182251245,2.879287331179077
DECOY_0254,-8.905892856016482,decoy,398.7175142855441,3.007433508578465
DECOY_0615,-5.973437867263894,decoy,346.17186657031124,3.985086004434403
DECOY_0600,-7.213748452759738,decoy,354.8765231522893,1.9905270438120974
DECOY_0433,-7.751889247969343,decoy,474.21365154947966,4.011039148433326
DECOY_1157,-5.507134505884315,decoy,438.6027822916294,1.373632848284457
DECOY_1345,-5.231903103791407,decoy,314.48012267400196,2.62211616287107
DECOY_0451,-6.5420631238688065,decoy,441.23367761716094,2.9439220022759702
DECOY_0539,-6.044772873724295,decoy,369.73612470873036,3.8358979990789996
DECOY_1463,-8.054492881397207,decoy,325.1286608226988,2.946749953951887
DECOY_0977,-7.044275499862398,decoy,381.71242312673917,2.8176287507536664
DECOY_0228,-5.667007596289973,decoy,324.6590241637447,2.309373538419557
DECOY_1155,-6.060374767082288,decoy,403.7768924923232,1.771809036366271
DECOY_0838,-5.138893173578277,decoy,356.7875638899843,2.7135303088487985
DECOY_1468,-4.555569144107331,decoy,341.53613252303217,2.930011515206075
DECOY_0187,-5.578288717079182,decoy,287.04053289985836,2.0492372339259877
DECOY_1323,-4.676002276743759,decoy,370.22347168459174,2.340603168441739
DECOY_0973,-5.908086712910405,decoy,334.4550550657991,1.9353309585181124
DECOY_1444,-7.618161097544405,decoy,423.56485344918997,1.4263153057587468
DECOY_1306,-5.299393278070058,decoy,426.3166914676408,1.9687374989974624
DECOY_1024,-7.9419850681330075,decoy,398.5859956489793,1.8724117198518149
DECOY_0159,-7.154387716078249,decoy,344.3487380653743,1.8085533999615797
DECOY_0723,-8.40043031787142,decoy,367.43357710454075,2.8623490363054183
DECOY_0566,-7.669402365945802,decoy,375.5432457143449,2.6937493631379805
DECOY_1140,-5.341821807465953,decoy,321.3109732532119,2.1471640237477403
DECOY_0009,-6.350011856050667,decoy,389.54046802455684,3.3865983152206685
DECOY_0293,-8.341151525151464,decoy,361.82582826753867,3.060280478089784
DECOY_0345,-5.883335279338473,decoy,367.6420759716022,2.317028690451428
DECOY_0404,-5.043666126240477,decoy,405.45765114594406,1.699108390155007
DECOY_0794,-7.403089440509425,decoy,413.3191691542254,3.155104978509276
DECOY_1181,-5.427099115360049,decoy,403.33935530606556,2.331388285878876
DECOY_1005,-5.143820756308398,decoy,445.5218390418231,3.752677547644981
DECOY_1232,-7.087304909954449,decoy,436.2808750616601,2.7400613189202714
DECOY_0331,-5.963718911961067,decoy,408.1128179873785,3.874406646588025
DECOY_1411,-4.94564558734216,decoy,354.5721551404377,2.825138465122387
DECOY_1290,-8.492301480463254,decoy,382.25828813419946,4.119167171138944
DECOY_1231,-6.479323034266114,decoy,393.1793306253948,3.1022802945727577
DECOY_1143,-5.1244941763322425,decoy,358.9557425423429,3.073796374384765
DECOY_0818,-9.249761210999797,decoy,407.03347981930625,3.889240952021594
DECOY_0696,-5.317360761275284,decoy,372.268615339609,2.9287117511270546
DECOY_0184,-6.1607193007855825,decoy,389.4073173509416,2.722684897386088
DECOY_1262,-7.346571057832747,decoy,297.97041760222834,3.2482962090455922
DECOY_0147,-7.475492255845963,decoy,348.120757992478,2.0783096846650233
DECOY_1141,-5.217052603705143,decoy,331.8355366485577,2.610136197776668
DECOY_1253,-5.196529362612761,decoy,361.1070422975343,1.40859845110782
DECOY_0032,-6.644311537576719,decoy,322.7626420057423,4.4637868781749415
DECOY_1401,-6.548125820867292,decoy,347.24934675982786,2.753250047565949
DECOY_0619,-7.703028606549001,decoy,450.1097859589317,3.0956024521186203
DECOY_1344,-5.971081698546351,decoy,360.14847766818184,2.799997324092352
DECOY_0062,-4.913973288163122,decoy,361.30016219791344,4.555995251519953
DECOY_1270,-6.609914544562712,decoy,357.8757776947777,3.9055121953464442
DECOY_0780,-6.365862566066632,decoy,391.7727331997864,3.623323255023455
DECOY_1260,-7.213653169287252,decoy,430.2438050560681,3.538192741324735
DECOY_0950,-6.501141154435325,decoy,401.6997897300752,2.1929106545842685
DECOY_1259,-5.593137841747215,decoy,438.47690448461077,2.9899400882698446
DECOY_1263,-6.6691340926641205,decoy,339.2445757753019,2.6005804202123644
DECOY_0643,-5.49307579799542,decoy,303.8422250027299,1.9012791712643808
DECOY_0261,-5.4806756575183835,decoy,347.646515578855,4.440800604231093
DECOY_0580,-7.7781955252306565,decoy,369.6158068519408,3.4715030901171406
DECOY_0380,-5.1903075591366274,decoy,386.26761599246544,2.87323950342161
DECOY_0521,-6.749998326372735,decoy,373.1849633907841,2.146326555722221
DECOY_0840,-5.283506361446657,decoy,397.7008406773914,3.4079485271738013
DECOY_1277,-6.502340614772864,decoy,399.28057435417384,3.353344108885638
DECOY_0317,-7.831248174638688,decoy,465.53172280963736,1.398596463250737
DECOY_0909,-8.018250610434988,decoy,425.06339740886636,1.88103036557803
DECOY_1488,-6.2784519412933255,decoy,367.90894405293295,4.066484672810244
DECOY_1342,-7.3219278908871255,decoy,369.224888805606,1.899822004330427
DECOY_1330,-6.426418747661559,decoy,375.73063691938717,3.860120684668009
DECOY_0850,-6.865768139019765,decoy,360.8501257199933,1.6529030970690757
DECOY_0436,-8.22231303089906,decoy,320.924260737895,3.1262597541126502
DECOY_0489,-6.295530953382774,decoy,356.35442451856056,2.899782097417719
DECOY_0432,-7.514638250396121,decoy,389.02292009596965,3.408340651910628
DECOY_0857,-7.289534181128127,decoy,383.8623787438346,2.2098143221297666
DECOY_0571,-6.737490688146395,decoy,359.4632682008301,4.2635928253240145
DECOY_0669,-7.831972153202068,decoy,391.74722115276603,2.6648033955250146
DECOY_0673,-7.2442226349682635,decoy,370.20098040189663,3.299308322317434
DECOY_1371,-6.998731044675784,decoy,380.33396857397486,3.2388719546153513
DECOY_1267,-5.307993923497874,decoy,406.14764336616196,3.4965524658543483
DECOY_0205,-7.603012510531356,decoy,456.9638952674574,3.2028318846055375
DECOY_0273,-7.452355201125456,decoy,321.2908036203448,2.4278808711920954
DECOY_1079,-8.19170662545741,decoy,388.51136932279053,2.8412084282581445
DECOY_0402,-7.058029061421726,decoy,316.30830728274407,2.5244180903487
DECOY_1479,-7.4084480512185245,decoy,433.96999891595925,3.5806466841198987
DECOY_1319,-4.354678751060815,decoy,372.4034577837093,2.3216139515737715
DECOY_1130,-7.023596833594762,decoy,431.74739754911076,2.6097097766873385
DECOY_1084,-6.933106749877125,decoy,407.3780780749697,1.8132571151845105
DECOY_0856,-6.207330667904462,decoy,465.1788239515265,3.474645201304649
DECOY_0441,-7.092786670118019,decoy,354.8441743386385,1.0906967822867477
DECOY_0037,-8.612487919798987,decoy,379.4891278785112,2.8081807035634667
DECOY_1418,-6.125353841201941,decoy,322.4801654709469,3.316758646181172
DECOY_0316,-5.678177190058005,decoy,389.93790565956215,1.5978750574087348
DECOY_0216,-6.967883446466527,decoy,435.2434701766526,1.7330470103174953
DECOY_0238,-7.717162752842808,decoy,456.1798089087184,2.3962186704834973
DECOY_1484,-5.525691451127608,decoy,375.77302329993165,1.3280951917245127
DECOY_0309,-7.866117512427968,decoy,425.1081472640777,1.6752811476977507
DECOY_0430,-7.027157625740765,decoy,436.43276168574414,2.108687152448793
DECOY_1136,-7.284374420863099,decoy,400.2292878982172,2.5531471293004633
DECOY_0868,-6.593654412975598,decoy,329.3019537734916,2.5225269065064913
DECOY_1275,-7.592105025900716,decoy,359.72614087123634,2.5216720154369723
DECOY_0810,-7.199617096087706,decoy,434.94614988653905,2.3801932169319886
DECOY_0172,-6.308170575835972,decoy,319.76540626014577,3.2166872770466366
DECOY_0064,-4.8111486371392145,decoy,383.5464104305294,3.1361764436471957
DECOY_0558,-6.157664796275778,decoy,367.7367884596115,2.3890520592993956
DECOY_0569,-8.258186325940356,decoy,354.455036805221,3.7938259420120564
DECOY_0125,-7.708754920959141,decoy,304.7966846285608,2.2769945093435666
DECOY_1355,-6.0171005194994125,decoy,310.9887400391412,3.486239664627625
DECOY_0518,-7.376950792915075,decoy,344.3996035189569,2.749523275733448
DECOY_1153,-6.9187376600164745,decoy,372.46913595977634,2.8930389452407765
DECOY_1191,-5.343861372771695,decoy,339.6227584662223,4.027748491869341
ACTIVE_019,-9.906114603862603,active,483.4585550240127,3.4666337626923434
DECOY_0988,-8.037492586098086,decoy,423.4062992560909,1.8040103139526844
DECOY_0236,-5.613018730298775,decoy,293.65872369714793,1.6637964593360082
DECOY_0874,-6.072729659987953,decoy,341.7462488515409,3.5517832841067896
DECOY_1376,-4.789476652590992,decoy,334.358352086954,3.0540319830126688
DECOY_1187,-7.052749715506123,decoy,307.06271272240616,2.235048271198566
ACTIVE_032,-10.891854151993742,active,480.3674240023683,2.068941446862493
DECOY_0536,-5.861526440508911,decoy,401.0650542058461,3.2890204617910705
DECOY_0161,-5.889016619556872,decoy,374.4762283175239,3.1446121717491784
DECOY_0983,-7.7158042502501205,decoy,383.58167227877726,2.8889427124558402
DECOY_0165,-5.798542810876317,decoy,338.68312384796167,2.3990439857336865
DECOY_1458,-7.904080710566239,decoy,364.9652845041099,3.0056289928173316
DECOY_0813,-6.573647321629105,decoy,326.41573460558436,2.9375031364064204
DECOY_0785,-6.527459440082611,decoy,457.98172603682895,3.369211692421628
DECOY_1118,-6.488317673529833,decoy,376.6272870005626,3.96102185884318
DECOY_0366,-5.66185958563212,decoy,390.74593032814363,3.0862149367531417
DECOY_1413,-5.5766523523476765,decoy,417.8638057555641,2.315322088183319
DECOY_0139,-5.532823446856495,decoy,372.6659014456792,1.7317535555371426
DECOY_0371,-5.355792450960996,decoy,349.96877187933126,1.6147433979530608
DECOY_1076,-7.401683845550932,decoy,387.5665960794185,5.074164018432061
DECOY_1279,-5.949577312377373,decoy,408.2912413948127,2.663234632219638
DECOY_0098,-5.064371883096067,decoy,316.51108887897306,2.067656086727295
DECOY_0373,-8.316077772089532,decoy,416.8270811769946,2.8910850202262055
DECOY_1160,-7.2703037800508366,decoy,353.95020374136766,4.108888582221098
DECOY_0034,-5.23336475846785,decoy,333.4086843085058,3.574484464713195
DECOY_0663,-5.28271524091044,decoy,302.3214813036511,2.552208102927524
ACTIVE_049,-8.80607448044849,active,390.4261270222225,3.314322531480198
DECOY_1102,-7.752629729631904,decoy,401.290265361124,1.6230723358999446
DECOY_0106,-9.058841622633475,decoy,378.4248248816239,3.000514974688585
DECOY_1056,-5.992296421996534,decoy,303.76292464509964,3.1200253714510637
DECOY_1128,-7.607109853843575,decoy,331.11645909634433,3.02987758262516
DECOY_0732,-7.993065586686907,decoy,334.50964969435915,3.073389713079409
DECOY_1038,-8.031803343867526,decoy,464.06337443047954,3.5149768851859164
DECOY_1100,-7.029302719719874,decoy,429.1461247513987,2.2524987909000114
DECOY_1221,-5.551565991242031,decoy,405.4368914435356,3.25749008138617
DECOY_1481,-6.564899127165752,decoy,347.6753032870188,2.6415205165798525
DECOY_0764,-5.493711364324005,decoy,438.4026449703645,2.5425919489486857
DECOY_0130,-7.073622477518542,decoy,376.9450475295002,1.9803111332783057
DECOY_0934,-4.632496571713372,decoy,354.4281643730292,1.7615842591563309
DECOY_1239,-8.54918398531634,decoy,382.84667386983443,1.4357220301897629
DECOY_1492,-6.98361063385137,decoy,430.1991130667235,2.8765733915299623
DECOY_0499,-8.047517654715126,decoy,334.5799206699706,3.3948677360875754
DECOY_0820,-5.943357735761109,decoy,344.5429911703473,3.224158092504552
DECOY_0314,-6.140317299330518,decoy,371.83892569030877,2.775753724949199
DECOY_0377,-5.682676114596121,decoy,360.8061238736132,4.354714963588742
DECOY_1167,-8.265224865521983,decoy,363.38262311984545,2.485543935096185
DECOY_1491,-8.189995725439134,decoy,396.1204786096967,1.8173584944151906
DECOY_0297,-7.727472928694642,decoy,354.05716720262797,2.8641779973096417
DECOY_1025,-6.927458860360075,decoy,367.6756018352361,3.724847076872728
DECOY_0865,-8.705535587928384,decoy,406.6675838476087,3.712090025593221
DECOY_0540,-7.682723189427813,decoy,368.20285563524754,2.7001265738298232
DECOY_0849,-7.884455827174086,decoy,249.14405878589207,1.8871687604784453
DECOY_1286,-6.636560460463861,decoy,336.4533330472429,2.304290635308779
DECOY_1162,-7.053310645460315,decoy,429.8296302628646,3.7012192529326438
DECOY_0861,-4.6206252942113455,decoy,455.08101207143943,2.573171315920909
DECOY_0621,-7.443844673292574,decoy,394.8879548711337,2.983397938854946
DECOY_0194,-7.2592943673067785,decoy,321.8294026169223,3.100740489457543
DECOY_1467,-8.640683516429577,decoy,385.07894166962797,3.3116375555723807
DECOY_0526,-7.5500095227914565,decoy,291.9404754617711,3.209978126394728
DECOY_0605,-5.3833291681927635,decoy,357.7900130078416,2.8931506115389922
DECOY_0763,-9.64212535326016,decoy,404.65416977681014,2.2861361221783216
DECOY_0985,-6.6515185784734605,decoy,379.75181467850655,3.7903828646481896
DECOY_0687,-7.034509505158886,decoy,363.9446930611301,2.4331123975326725
DECOY_0386,-8.311591520934744,decoy,436.2209401571997,2.4501649579125173
DECOY_1417,-8.586272235830837,decoy,405.7022260496605,1.9420502720452912
DECOY_1235,-8.256151484813131,decoy,356.28507053217885,2.8453442708491963
DECOY_0259,-6.553788439771617,decoy,398.8840131872145,1.3051043006922316
DECOY_0381,-9.396487080865054,decoy,402.22229203759963,3.704352168806394
DECOY_0889,-5.24284829601465,decoy,354.4625683110905,3.2156725746636923
DECOY_0349,-6.797636982620383,decoy,375.1323073431228,2.438338485279187
DECOY_0374,-7.182085793034878,decoy,391.571495896364,2.038938513922626
DECOY_0321,-7.360425882873647,decoy,301.7191046322777,3.2004203736370624
DECOY_0005,-7.099302565465413,decoy,450.94442496150316,1.4591903172922287
DECOY_0760,-6.596825272389614,decoy,385.73403302141116,2.3104476008388786
DECOY_0542,-8.878439927512357,decoy,310.02206255970106,1.911942090445657
DECOY_1269,-6.86732305343175,decoy,410.1324616354748,2.08567261042897
DECOY_0263,-7.04050216562256,decoy,442.70459624577677,2.7462979970417423
DECOY_1282,-6.600906407336482,decoy,345.3694530255992,3.3838195297387488
DECOY_1029,-7.4731181566653015,decoy,374.33753372132946,3.718255971767767
DECOY_0060,-7.18717886052648,decoy,339.11626271218546,3.852060701534954
DECOY_0550,-7.08987549831565,decoy,425.5123185250289,3.7394751444281606
DECOY_0978,-7.926276822795067,decoy,408.7442088697,3.2539990405315486
DECOY_0051,-8.009911864820422,decoy,381.33665796884935,2.5542186546021206
DECOY_1230,-5.568090875261954,decoy,429.3477551359337,3.155944548464329
DECOY_0661,-7.711292536278323,decoy,333.46515640942266,3.444192438769819
DECOY_1372,-7.075163310584772,decoy,411.370548015881,3.943579178521289
DECOY_0217,-6.671679215947993,decoy,464.6766843807315,3.042014804477735
DECOY_1408,-8.353757167380651,decoy,450.91504558684574,2.8655458102133755
DECOY_0247,-7.0120311851213835,decoy,370.04459717546115,2.775545680333778
DECOY_0512,-5.981966619680423,decoy,416.1099020631318,2.9337843845881215
DECOY_0412,-6.403437663653943,decoy,393.63048337829264,2.2773841543372497
DECOY_0955,-7.041585865225399,decoy,288.0436555467073,1.6577983107293264
DECOY_1354,-9.565690905498357,decoy,420.0074037614137,2.0619795005365367
DECOY_0961,-6.057082608661511,decoy,391.26619528154174,2.114151738422408
DECOY_0328,-5.957975425655803,decoy,389.85605748410774,3.3256266813131843
DECOY_0237,-7.016985216686781,decoy,458.91080451745086,3.2103211682602204
DECOY_1437,-8.543607374062207,decoy,471.6137040625367,2.894735921010504
DECOY_1112,-6.227318974423783,decoy,303.3710986397341,2.6443953496707633
DECOY_0077,-7.955489001323686,decoy,419.1186488146495,2.303792487845674
DECOY_0278,-5.847098177090862,decoy,404.28170876325294,3.861615476039896
DECOY_0243,-7.748467247625933,decoy,357.90861958502205,3.3747118482086806
DECOY_0533,-6.473802034156445,decoy,418.58878799845655,2.5472482628971838
DECOY_0758,-5.6215733746112235,decoy,367.407547260085,3.094792338221395
DECOY_0473,-6.690973229167812,decoy,453.85622351447273,1.4304112422399968
DECOY_0306,-6.160413983996788,decoy,441.2765941468033,2.2975989704880697
DECOY_1195,-7.701302049279388,decoy,360.2777665182331,1.6847882213006597
DECOY_1211,-4.984417035932989,decoy,304.6031949612868,1.7027328153719956
DECOY_0121,-7.901955691893621,decoy,313.46421555111726,3.642849088346287
DECOY_1439,-4.016515345293115,decoy,423.9745156908829,3.959584625771848
DECOY_1435,-5.333492394934417,decoy,363.8455830922928,2.9407287132238995
DECOY_0612,-6.645008586327651,decoy,401.0578731618836,2.2224151794947735
DECOY_0728,-6.6355414405150155,decoy,403.8493640415678,2.4883016831706906
DECOY_1261,-7.007003361337953,decoy,353.4527040519963,3.7112595109157978
DECOY_0160,-6.642248989447927,decoy,429.5018072395838,2.9902723891164364
DECOY_0655,-5.841406277798822,decoy,392.15679434638554,3.3857211771593123
DECOY_0503,-8.68410618301247,decoy,423.79012494019906,3.143205625639959
DECOY_0091,-8.334652216696238,decoy,370.1739276652249,2.925800217205671
DECOY_1065,-6.631081914420508,decoy,374.89528354285324,2.4093781547667072
DECOY_0986,-7.7291157379088,decoy,292.2667724825876,2.157911539970205
DECOY_1176,-7.062334806032464,decoy,354.35160217660916,3.0535068363813327
DECOY_1179,-7.864562052114246,decoy,398.2493431844282,2.570266515841612
DECOY_0678,-8.538757949851089,decoy,391.65619834510505,2.468801395379654
DECOY_0656,-5.394821982970163,decoy,428.3071655080784,2.528039545484818
DECOY_0833,-7.246080645221359,decoy,487.90809948663764,2.865466649022471
DECOY_0897,-5.076148316510067,decoy,313.73963305759014,1.740375623797249
DECOY_0486,-5.137588337292454,decoy,419.45590857855666,2.519097022160497
ACTIVE_011,-10.377210708377124,active,386.5592548302386,2.496081844499529
DECOY_0715,-8.468022108161477,decoy,486.9418697078627,1.6699511718517743
DECOY_0233,-9.185011815427547,decoy,400.5618506970692,3.8179904480561264
DECOY_0242,-5.782541351949379,decoy,468.55118865353035,3.5694380055312593
DECOY_0974,-5.638596569424774,decoy,317.6621320396484,2.238188009546456
DECOY_1151,-5.1631345213329025,decoy,414.292806637234,2.027846874031593
DECOY_0080,-6.563772574798084,decoy,357.72899949276893,3.536820940928493
DECOY_0274,-5.637028760120392,decoy,339.662655476283,3.157841750384288
DECOY_0672,-8.149001702580781,decoy,382.72690370360357,2.155347439482273
DECOY_0477,-5.123925589128425,decoy,377.761207660723,3.515631990233927
DECOY_0547,-6.025549332505018,decoy,396.52206925644896,2.7142305211046973
DECOY_1343,-6.133796500084373,decoy,397.17185195927436,3.0161038934563673
DECOY_1368,-6.784708054773206,decoy,374.52824045610845,2.527484061706869
DECOY_0999,-7.274960657297368,decoy,402.9518014804057,2.748200075740921
DECOY_0705,-3.576587607634356,decoy,386.24918618594273,3.239763000447115
DECOY_0109,-5.373067961013111,decoy,402.60208022265056,3.619816754299356
DECOY_0561,-6.814794622098332,decoy,376.0972934071049,1.7063298240513571
DECOY_0956,-7.217938978034551,decoy,373.38973640009436,3.6238864554422787
DECOY_1058,-6.187509462164578,decoy,313.86031080195096,3.1415952135814997
DECOY_0146,-7.307656830901802,decoy,369.1392071545518,2.159372827295737
DECOY_1441,-6.515666053106786,decoy,366.3924531193644,3.314487256616186
DECOY_0495,-6.604170050520575,decoy,286.82048729842643,1.3664542348237532
DECOY_0361,-7.9531226747254795,decoy,380.5373324127923,2.6974818597156354
DECOY_0047,-6.587872205898427,decoy,405.54128375776645,3.7308127787758742
DECOY_0570,-6.282158485077837,decoy,338.302873593403,4.060595718727389
DECOY_0107,-5.610298298464518,decoy,316.9741586981254,2.579468169777736
DECOY_0370,-7.246701706331533,decoy,405.06147022117773,2.8398468883997863
DECOY_0629,-5.574726817558808,decoy,389.4605500343169,2.6727644963377886
DECOY_0428,-6.8827302251401274,decoy,319.5142377356031,2.899684964812718
DECOY_1452,-8.539669320559032,decoy,391.927114891162,1.9626423103763582
DECOY_1163,-5.818140935445653,decoy,387.15984150936885,2.7062228118913474
DECOY_1416,-4.971939432495144,decoy,312.213026759214,2.2882340104527334
DECOY_0398,-5.060863403639649,decoy,336.8925491188363,2.0164114087741107
DECOY_0129,-7.632981172940072,decoy,335.09871561641205,3.2106350673325865
DECOY_0341,-6.562094076995326,decoy,402.06498151193364,3.870418329442801
DECOY_1483,-7.391055496348271,decoy,444.8247124375596,3.0884766649031876
DECOY_0631,-4.31387130885718,decoy,364.23635835597497,3.080193744394815
DECOY_1234,-6.535596082080482,decoy,389.6373599629344,3.711621462254354
DECOY_1365,-6.976166515367284,decoy,374.70980090090774,2.3677572706263863
DECOY_0800,-7.713913829855111,decoy,345.60087881240423,3.338135631663331
DECOY_0761,-7.871866826582841,decoy,419.07812096262654,2.5265187900158534
DECOY_0872,-6.644899600944305,decoy,371.95188221917493,3.2095596884457396
DECOY_0787,-3.798592353525647,decoy,436.11180648101424,1.8808085984031977
DECOY_1496,-7.048582330075165,decoy,342.4802657461985,3.5652549340821076
DECOY_0645,-7.1652361938511415,decoy,381.40478505053346,1.411033501134533
DECOY_0245,-6.529360463503879,decoy,404.2177029654877,3.3603462578744967
DECOY_0744,-6.988951237074,decoy,343.20736119133625,3.3716561475961164
DECOY_0877,-6.620209808311409,decoy,367.3712934931273,2.766867626512402
DECOY_0039,-4.503651696686581,decoy,452.1992385092037,2.358229631534047
ACTIVE_042,-7.393263738077633,active,347.92771014963756,2.8038482250373504
DECOY_0940,-7.075452339005795,decoy,382.2216015173033,2.925532469952488
DECOY_0562,-7.1212929309099,decoy,445.2950000324271,3.5459467697573768
DECOY_1278,-6.282049486695051,decoy,391.66616417542735,2.616022726628922
DECOY_1384,-4.571076600659876,decoy,406.2789860928824,3.2201931428787125
DECOY_0935,-8.368895643543679,decoy,383.8954134339695,4.067000284738634
DECOY_1115,-5.700173107395404,decoy,350.89625460034165,2.5537579930618493
DECOY_0241,-6.83235414612963,decoy,379.27706581177614,2.5628058379029848
DECOY_1415,-5.785837354403632,decoy,365.30421761136665,3.45057497223035
DECOY_0582,-7.9520568661246,decoy,390.1421960092936,3.047683978772766
DECOY_0299,-6.20414540770304,decoy,364.6642809452145,3.011038925656446
DECOY_0522,-5.3331547826513415,decoy,335.0927866500921,3.3603694525191643
DECOY_0553,-6.589908307598888,decoy,386.54123993648636,2.7252003146784354
DECOY_1409,-6.5442319386636685,decoy,420.891079385883,2.2255227328908775
DECOY_0987,-8.359465210478437,decoy,275.7570792184707,4.131557525639183
DECOY_0832,-6.4324094544166055,decoy,465.0817633383712,2.8313552931071695
DECOY_1101,-6.252085328223908,decoy,489.3302498404034,2.432527927454536
DECOY_0409,-8.81589079024107,decoy,349.2511263745098,3.3470065095073585
DECOY_0326,-6.612454078699731,decoy,377.36572094164984,3.1115858770157163
DECOY_0284,-5.547679188894775,decoy,347.68642291918883,2.3216663349061144
DECOY_0939,-9.379993845304204,decoy,366.112737313292,2.7896254507343214
DECOY_1317,-6.164528574580456,decoy,357.99417480171167,2.4811241282776475
DECOY_1082,-5.273131326072635,decoy,267.8057736125779,3.3882645963162727
DECOY_0703,-6.226400854199808,decoy,414.08110325770633,1.828937905798699
DECOY_1386,-6.10392558365071,decoy,347.2693862320538,1.0800783187410818
DECOY_0552,-7.4515623468625485,decoy,359.5358208851505,1.5373827930102228
DECOY_0279,-6.180685900528214,decoy,408.6664967967182,1.5899719493218902
DECOY_0269,-7.095147940249114,decoy,409.03307234973283,3.312215676437332
DECOY_1142,-5.540905782820676,decoy,435.01904754085535,1.737473986887853
DECOY_1092,-6.633200796488713,decoy,341.3357883602736,3.090288188812236
ACTIVE_013,-11.083616534107383,active,357.0142167943012,3.0395137886538928
DECOY_0122,-7.224925020663191,decoy,395.46674223779235,2.6790043583600194
DECOY_0211,-7.594788301838723,decoy,478.5650813460843,2.644611422130167
DECOY_0824,-7.096397664661785,decoy,385.4378089526528,2.4216953208764993
DECOY_0866,-7.266675516801334,decoy,409.7811358415308,4.0527631141894265
DECOY_0797,-6.446109548933845,decoy,383.5177610162972,2.904179259182125
DECOY_0089,-5.877839940485027,decoy,394.11450688488776,2.2526650225948783
DECOY_0500,-7.00188424131537,decoy,389.9844695759318,3.4173022199074263
DECOY_0601,-5.822690609940122,decoy,349.2218726832058,2.4051442790237916
DECOY_0851,-6.273215521259359,decoy,453.8340812105934,2.664580784327311
DECOY_1299,-7.089445658708104,decoy,427.86867813069927,2.5666295324096406
DECOY_0509,-7.862610139542461,decoy,456.95912789155625,2.4326004858045525
DECOY_0090,-5.189873280774801,decoy,317.266312721677,2.7670530066502703
DECOY_1303,-6.572501693181048,decoy,405.8459037687964,3.6677969660494627
DECOY_0900,-6.660509840936875,decoy,367.97996035574215,4.163265793888096
DECOY_0175,-7.75991210126753,decoy,372.69809206059966,2.7816834976028444
DECOY_1301,-6.353452862941794,decoy,414.8299182334751,3.0085954554028365
DECOY_0360,-8.037486046398154,decoy,375.88702737497715,3.9576612403928753
DECOY_0276,-5.85989120895919,decoy,448.57364268323494,2.2602793579052762
DECOY_0250,-6.620312321705485,decoy,416.00425579923717,3.724074162055038
DECOY_0892,-5.1998282554065245,decoy,394.3968638814839,1.987912759297734
DECOY_0733,-8.522064929393098,decoy,399.1087071410863,2.360403646046233
DECOY_0662,-7.716035541763276,decoy,425.03466838349743,2.9594055349127197
DECOY_1387,-6.40956378164259,decoy,430.27276191250104,3.3232872812337337
DECOY_0957,-5.664215427141347,decoy,408.00332672447513,3.962111315445204
DECOY_1216,-5.510783041810199,decoy,412.6573033531671,1.962389718053331
DECOY_0524,-6.452761659776592,decoy,423.2875904485237,3.7292245723777153
DECOY_0454,-5.14402432566027,decoy,402.2654188753006,3.254066903317133
DECOY_0556,-7.159253252325431,decoy,344.0916426820947,1.4352689702214965
DECOY_0759,-5.360254759984259,decoy,362.68642550233625,2.9310561171205656
ACTIVE_004,-8.93013492310808,active,387.02578862258207,0.9523189445445825
DECOY_0743,-8.009624756607478,decoy,420.12618234409774,3.3378017173238863
DECOY_0418,-5.898175777956781,decoy,326.60512996396983,2.1387986841605375
DECOY_0272,-8.548043505216848,decoy,362.3842597474629,3.3599711147530718
ACTIVE_006,-9.269410764349013,active,408.1170973029323,3.0255918576148564
DECOY_0173,-7.834692821673217,decoy,424.66296168105066,2.201514595709294
DECOY_0498,-6.001229657406188,decoy,431.1860498437144,2.5754138917098444
DECOY_0809,-7.996253571347192,decoy,321.10538576947664,1.2560679776763748
ACTIVE_040,-9.293776888714884,active,433.56435540921615,1.955023812966843
DECOY_0493,-7.316181858221491,decoy,452.81782991210093,2.3368392507983597
DECOY_0193,-5.494787358725574,decoy,443.5495177842234,2.4211297477787963
DECOY_0087,-7.4294315053828095,decoy,279.18437128517905,3.881509908800413
DECOY_1177,-5.177899115703508,decoy,377.79482775299357,2.0405801844181237
DECOY_1214,-6.352327588415412,decoy,483.5100001526409,1.9152844681904364
DECOY_1224,-6.927185593325048,decoy,465.43083336647237,3.4249222426923076
DECOY_1004,-7.546260513482255,decoy,450.09325974182065,1.8990799853035605
DECOY_1052,-5.6320697103194535,decoy,420.9631373327469,3.374635131429147
DECOY_0749,-6.661363230688067,decoy,462.1155953842015,2.913880564067652
DECOY_1427,-7.783667377868065,decoy,408.0846741280514,2.9204827472088666
DECOY_0532,-5.914944968095602,decoy,478.4693545877294,2.313060495121702
DECOY_1474,-5.784591152010237,decoy,340.45322902162127,2.508841007666451
DECOY_1123,-6.214118970803163,decoy,324.9595164724783,2.4084110607230778
DECOY_1385,-6.825996599055299,decoy,372.60352052849487,2.645915163299748
DECOY_0327,-6.326891457482854,decoy,336.15189291729666,2.056643147775896
DECOY_0265,-4.693004531024382,decoy,309.5922313944168,1.87410543614059
DECOY_0393,-8.167910432978475,decoy,294.76695416642656,3.481157971501453
DECOY_0270,-7.829401513693923,decoy,369.3922483291998,2.167612711756885
DECOY_1012,-5.272102523655211,decoy,386.73145129156046,2.9911558185290423
DECOY_0793,-8.406316495121374,decoy,427.788741939305,2.9180524444200078
DECOY_1119,-7.3862343248824684,decoy,442.5403072822935,3.3438096898943073
DECOY_0375,-5.975334373596273,decoy,346.80403768783793,3.005969294550022
DECOY_0504,-6.719456397794406,decoy,296.06485021570563,1.7711678353431421
DECOY_0545,-5.895889582257448,decoy,414.264907992145,3.5214606909919848
DECOY_0903,-7.058488972285418,decoy,318.55341616374176,1.6095385175106904
DECOY_1040,-6.26702467143616,decoy,377.97695211448,2.5069747476124506
DECOY_0768,-7.0109039804292,decoy,392.8715884535814,3.841159889873082
DECOY_1209,-6.872888306984178,decoy,434.80693270369864,2.277806769112626
DECOY_1313,-7.592759893248759,decoy,401.72884119093465,3.2250629719618327
DECOY_0178,-8.225829641261624,decoy,389.0254820133499,3.5518180628848928
DECOY_0706,-9.647749261561898,decoy,408.7971901208826,2.5381558387639287
DECOY_1268,-7.294638329088976,decoy,353.8879756180061,2.259457553251134
DECOY_0982,-7.027244145845552,decoy,342.5788727741629,3.1854423291126723
DECOY_1294,-7.602301239230572,decoy,343.0518029996114,2.578592605980583
DECOY_0017,-6.973378434923274,decoy,400.34182233863186,3.610914092048832
DECOY_0344,-6.607278222402957,decoy,395.4098095044737,2.450696054116697
DECOY_0530,-7.855933082091557,decoy,399.845611576885,1.5033505001328693
ACTIVE_025,-10.86830003256685,active,354.7636401652348,3.63799290671625
DECOY_0162,-4.701667107141198,decoy,321.8905211354726,1.4589076140546526
DECOY_1148,-6.313229059940481,decoy,409.74461619222564,2.665821648225573
DECOY_1097,-6.586828933191698,decoy,410.3793970051617,2.9234693184358957
DECOY_0487,-6.282906820105161,decoy,475.2106368924693,3.7163993478992454
DECOY_0710,-7.600358448340604,decoy,329.29081721694246,3.542239811761312
DECOY_0652,-7.862430727178573,decoy,307.3835821916124,2.4024873653748493
DECOY_0036,-10.29272058959086,decoy,450.9644806917048,3.9291408580216114
DECOY_1346,-6.16643689833694,decoy,433.322012678324,4.197638934056551
DECOY_0223,-5.510306899666116,decoy,379.77436986476704,1.893721010793024
DECOY_1461,-7.218384905324141,decoy,366.4503304701559,3.7260590501132405
DECOY_0651,-5.994587928872431,decoy,367.84524583897553,1.9299954044636154
DECOY_1487,-6.133262463206924,decoy,386.4923968029327,4.550971988628131
DECOY_0581,-8.216539975183062,decoy,365.53784202372384,2.485699994749976
DECOY_1014,-6.601998654016675,decoy,407.21351794562213,4.153568004915071
DECOY_1396,-7.3048822196927485,decoy,411.660494050472,3.577537824870655
DECOY_0456,-6.348656277770698,decoy,440.74351056900366,2.5835817696062087
DECOY_0224,-6.898268438202205,decoy,335.3440845985421,1.8310905962310682
DECOY_0716,-7.38102467408207,decoy,370.21481018794935,2.246214591420269
DECOY_0313,-6.45310225766782,decoy,386.188988737972,3.1880551136198516
DECOY_0573,-7.85694900978213,decoy,475.2669080102623,2.452128414197789
ACTIVE_003,-9.057028427767712,active,335.82404573984974,3.978567967737341
ACTIVE_007,-8.06064513767012,active,369.65424259970837,3.419335204740406
DECOY_0262,-7.907800261409119,decoy,341.48776235656914,2.8527297524427198
DECOY_1421,-5.135951790770845,decoy,369.917277797486,3.242652195411151
DECOY_0616,-6.300842404364465,decoy,360.28392452679645,2.007998819769528
DECOY_0949,-7.602710061071592,decoy,357.9779331570658,3.5451642259304412
DECOY_1477,-7.8080114864367545,decoy,425.8692073788842,2.563294841147087
DECOY_0166,-6.385662165693029,decoy,407.67756135081737,2.0746600541320612
DECOY_0675,-8.218103849750655,decoy,399.3732264834905,2.5081245021249843
ACTIVE_028,-8.392860414854473,active,410.17524839402574,3.305575648937036
DECOY_1064,-7.764183257183728,decoy,275.86712230192984,2.6752849994288215
DECOY_0873,-5.277435159191191,decoy,360.9345814631373,2.856023366983642
DECOY_0991,-6.724631482524611,decoy,433.354700841159,2.602198440765412
DECOY_0589,-5.208704964205239,decoy,381.22036462486926,1.814854687705129
DECOY_0747,-6.693435694643311,decoy,360.6204373048166,2.232394865368953
DECOY_0642,-6.926721729717768,decoy,437.9150899626685,2.372910438388609
DECOY_1254,-6.041846581782535,decoy,343.6941600574184,1.5155459920977439
DECOY_0575,-6.926223747584387,decoy,419.36902020322617,1.9330422047888218
DECOY_0855,-5.389770565963497,decoy,357.02265368744366,3.0552831249571604
DECOY_0207,-9.191898749162466,decoy,378.54552613841,3.6703401432445824
ACTIVE_026,-9.149085831790115,active,415.57879934252304,2.443835923441513
DECOY_0287,-4.555394569247044,decoy,355.7558873349046,3.5900007077284184
DECOY_0523,-6.25474023720621,decoy,382.9706460136983,3.6748224726901637
ACTIVE_048,-10.54811689257367,active,419.624635654283,3.8926483017091376
DECOY_0057,-6.001121157087039,decoy,375.4827224717798,3.8750432828722596
DECOY_0300,-5.400291826028455,decoy,331.35974887078066,2.5149866898388993
DECOY_0006,-7.070108964307203,decoy,448.4461326899785,3.9539989300112244
DECOY_0812,-5.354983144967497,decoy,323.7815533522572,2.697663099842515
DECOY_0164,-6.573362655224548,decoy,434.8732651669698,3.305406873057492
DECOY_0071,-6.175407182642466,decoy,452.2541749675496,1.902851651272443
DECOY_0876,-7.3029035621912195,decoy,334.68513566710124,3.686553624365701
DECOY_1377,-6.992942773705521,decoy,438.77896792244087,4.331388683764617
DECOY_0023,-7.741893069115386,decoy,321.28328111215563,3.6212080713215564
DECOY_0891,-4.877535233587974,decoy,381.9677806593407,3.6110723864737335
DECOY_0738,-9.768247735335374,decoy,363.9969342558322,2.7779303919299743
ACTIVE_046,-11.262747998177495,active,353.3934585370726,2.6915768294996445
DECOY_1324,-5.605306912358077,decoy,411.57572665566573,1.1551411478191203
DECOY_0474,-6.3115885092798365,decoy,359.2143529307182,3.07531133397418
DECOY_0875,-6.0493454846974055,decoy,384.05723445312117,4.461320062627239
DECOY_0790,-6.259791557867441,decoy,412.42985906343426,3.487135122088484
DECOY_1398,-5.7507971277718495,decoy,382.5544716567791,1.6145690224132496
DECOY_0795,-5.526486249863899,decoy,357.9475430366129,2.9753033394985153
DECOY_0484,-5.701418179886286,decoy,433.6225561222171,3.6499965416032105
DECOY_1124,-4.586840446841512,decoy,328.065041798264,1.5686419620636398
DECOY_0554,-3.0480153755324166,decoy,315.61957919327136,3.3456557242958365
DECOY_0416,-6.4105386468350085,decoy,478.613915083097,3.3857924191608486
DECOY_0844,-5.623707711470898,decoy,375.8782069093754,2.6006656163830435
DECOY_1271,-7.770642831055247,decoy,328.62698628983327,3.480268589148599
DECOY_1374,-6.963689811717691,decoy,422.4069143722705,2.2763872933108744
DECOY_0958,-7.590002726128672,decoy,412.31709265220786,2.4466800084588187
DECOY_0011,-7.591644069856624,decoy,419.2013831248459,3.765580063280946
DECOY_0893,-6.051176980015194,decoy,435.092505111112,2.683021390960759
DECOY_0043,-6.099340684938687,decoy,438.84416363495234,3.603755126505315
DECOY_0617,-4.562886846480147,decoy,399.1941104847573,2.7607425199336166
DECOY_0725,-6.4603471081552355,decoy,357.8563628724528,3.6760184052761957
DECOY_0145,-7.158371712796591,decoy,334.08183828977894,2.3230355690469526
DECOY_0231,-7.067648513331753,decoy,378.8730077019126,3.7592123224962415
DECOY_0646,-8.098662245775051,decoy,364.9945171836037,2.0915153011141454
DECOY_0310,-8.705062968326704,decoy,361.39322175593986,3.515111986451548
DECOY_0470,-6.9219453244632385,decoy,439.172371221463,2.3866124277315306
DECOY_0816,-8.746005733312954,decoy,447.42631383588383,2.6433178134510933
DECOY_1194,-6.092613277020378,decoy,384.9306647983206,3.968516854743979
DECOY_0133,-7.234125856456503,decoy,405.32692322908576,3.3698009445024066
DECOY_1009,-7.14139419843182,decoy,402.2512462445862,2.524243612357964
DECOY_0061,-7.1323290710226255,decoy,356.11866827798855,2.603138451905827
DECOY_1339,-6.004111361435274,decoy,403.36752667631004,2.0093457585874526
ACTIVE_043,-8.283309984904374,active,359.18709013183354,3.1488285931267805
DECOY_0697,-8.483436039415006,decoy,428.6488687089049,2.1401949473050523
DECOY_0925,-8.242148474511538,decoy,386.6555960684289,2.6018526411375493
DECOY_0155,-7.357615753946927,decoy,361.1662306666442,3.7789902120531567
DECOY_0825,-6.195886626903368,decoy,428.96982893553115,2.6749020203581173
DECOY_0003,-6.1270016304944654,decoy,371.800481291746,2.250283282151556
DECOY_0496,-5.413741424838977,decoy,368.23314414726224,3.128623329324197
DECOY_0019,-7.0135865081268065,decoy,399.86926940885013,3.4252909970402268
DECOY_1019,-7.7162387987534435,decoy,378.46813270435285,2.797594669480918
DECOY_1168,-6.438094743080772,decoy,421.18117193164534,3.447991173020644
DECOY_0769,-5.761588446467982,decoy,390.9020623083589,2.3920930514125587
DECOY_0134,-5.533628680055481,decoy,379.8291417751268,3.7933125515652417
DECOY_0088,-5.566215875046603,decoy,396.2052000560672,2.772197376589096
DECOY_0083,-7.111824267092948,decoy,323.8279185716916,3.7585779535553367
DECOY_0031,-5.814160848710002,decoy,344.8266355261932,2.6125944710487916
DECOY_1204,-7.238611265214848,decoy,361.38872161450666,2.28249939622754
DECOY_0056,-7.364262421316635,decoy,384.1165732560423,1.6990740120479835
DECOY_1152,-7.775147746584235,decoy,345.0682186342782,1.4190566702018672
DECOY_0492,-6.6805677175071665,decoy,315.93628374734055,3.295783847241751
DECOY_0860,-6.5175396415395195,decoy,355.15668118247544,2.7033092821884104
DECOY_0431,-8.071243188500198,decoy,401.8067843042384,1.980991725445588
DECOY_0116,-7.906796575159181,decoy,362.14022224465026,2.9265301291695427
DECOY_0199,-6.044403919614498,decoy,414.6071189323567,2.966516131257858
DECOY_0258,-8.471457420648274,decoy,473.0754988850083,3.8766328174006595
DECOY_0397,-6.206013340127063,decoy,467.2080925387027,3.207925479987472
DECOY_1156,-6.359639467577954,decoy,389.1605422226304,2.2044889295888885
DECOY_0285,-7.516944037274096,decoy,299.5623594692514,2.3328081074788534
DECOY_0048,-6.984695729025829,decoy,342.72994596934836,2.8043350209868345
DECOY_0757,-7.854915326969325,decoy,392.40865641764503,2.8107655333955326
DECOY_0688,-5.445715412490693,decoy,399.83287462742965,1.9052487547857218
DECOY_0899,-7.782544805478905,decoy,388.05288437754905,3.580358336370391
DECOY_0984,-7.64065951288167,decoy,437.87989576272383,2.7183083935042682
DECOY_1121,-6.530348114124131,decoy,371.98539176395116,1.4909167788923308
DECOY_0053,-6.628344564046408,decoy,374.39360078654806,2.7032036936417523
DECOY_0385,-7.054779457394361,decoy,311.6472431704864,2.5923703643449394
DECOY_0025,-7.143302687040758,decoy,348.5440807232966,2.298387977269364
DECOY_1337,-7.608702378665414,decoy,327.1366572484935,2.8043661501465107
DECOY_0883,-6.566925822162405,decoy,361.1161954340154,4.5486355140270085
DECOY_1356,-7.765789257782625,decoy,322.05246514849813,2.220871643169919
DECOY_0253,-8.502791590796967,decoy,406.1709007765662,2.8418523278242533
DECOY_1287,-7.490683859704157,decoy,376.54787692392404,3.9218193669810963
DECOY_1256,-6.722269280226914,decoy,345.22032983290654,3.027427161172415
DECOY_1351,-4.036034047543371,decoy,364.13609138125713,2.3208995955909506
DECOY_0713,-7.46106941184336,decoy,403.7621139184204,1.9512629070996519
DECOY_0684,-7.5519924567661665,decoy,420.85512073610374,3.5129913618964195
DECOY_0339,-6.473314738740143,decoy,306.7867140035235,1.8664646026906224
DECOY_0186,-5.322155885736189,decoy,356.04318881039364,2.707231724377038
DECOY_1238,-7.111362548438591,decoy,366.45686618591276,1.2446327350302704
DECOY_0218,-8.699674098845078,decoy,378.37915498068475,3.4249870721936033
DECOY_0256,-7.764533276193596,decoy,386.68164299529633,2.05337695328393
DECOY_0789,-7.187171935392735,decoy,384.60422135070377,1.6137408256345327
DECOY_0068,-9.427629003141968,decoy,346.34099048571693,3.246086554663475
DECOY_1203,-5.457529443671257,decoy,370.6533655091242,2.6830970635583373
DECOY_0624,-7.119289642061412,decoy,362.8952633243942,3.095809183583594
DECOY_0200,-6.557565519318409,decoy,403.2586895733125,3.3152299693477643
DECOY_1389,-4.755814875569024,decoy,376.418985835516,3.2429293552834646
DECOY_1061,-5.422550059241698,decoy,336.9704338374459,2.763550940330402
DECOY_0022,-5.2702977759567,decoy,348.31767256138914,3.2689471152146954
DECOY_0045,-8.070392206753764,decoy,291.2243018376679,2.8184078807435693
DECOY_1188,-5.952436774434826,decoy,350.48109237693683,3.211231663654531
ACTIVE_034,-9.334567537995644,active,410.20817123768586,2.491816792609593
DECOY_0750,-7.514541112926397,decoy,339.12598785352077,4.267472971744681
DECOY_1085,-6.579756446011058,decoy,364.820430653807,2.134785144446885
DECOY_0399,-7.011788484202392,decoy,314.75701512393283,2.1164372701015437
DECOY_0396,-5.5098626405526625,decoy,389.34658616057624,3.520656200886434
DECOY_0722,-6.670595822278796,decoy,428.30077210433177,1.0677830210612071
DECOY_0667,-7.43193526048318,decoy,344.3022343482852,2.188609653469446
DECOY_0894,-7.089943536912006,decoy,367.2958468075107,2.9362689177076735
DECOY_1397,-4.494553194044483,decoy,471.51677948446627,2.05660379384478
DECOY_1197,-6.583154882245995,decoy,401.00684101908337,1.8567014570275555
DECOY_1016,-5.024569497497041,decoy,415.6052826265947,2.9009545536465997
DECOY_0028,-9.363623273096184,decoy,370.97289368981495,2.5656079351527823
DECOY_0035,-6.779590585917153,decoy,451.05555098179696,2.1666479533988134
DECOY_0839,-5.3966328976331885,decoy,408.91735669634255,2.5111909774345063
DECOY_0033,-6.424479541139196,decoy,351.63408595446083,2.7422444843618816
DECOY_0408,-8.626995022979042,decoy,409.6098406743634,2.3309968303818156
DECOY_0929,-3.652437838976536,decoy,403.512199662638,2.8318758432820945
DECOY_0627,-7.506615101176474,decoy,439.70978419972704,3.028571156663982
DECOY_1440,-9.153881171091644,decoy,303.42262177536486,2.959738373652171
DECOY_1059,-7.175052303869036,decoy,373.35627173640586,2.5931793977703896
DECOY_0387,-5.674549926197844,decoy,371.24435678591766,2.039919369161887
DECOY_0721,-6.161684100583091,decoy,342.34977530666515,2.0272386084484433
DECOY_0595,-6.460064442691345,decoy,387.2289151771455,2.770536094823259
DECOY_1111,-6.699413483945694,decoy,344.5718536571123,0.8986884830350561
DECOY_0916,-6.573842484715065,decoy,332.505868447951,2.56339357095832
DECOY_1184,-6.179288497363514,decoy,405.173474377954,3.0757071118617434
DECOY_1106,-5.696977449683642,decoy,415.0726998906252,2.194282031509407
DECOY_0355,-6.989930774566608,decoy,402.76246418785024,1.9178754842664647
DECOY_1297,-5.306382207284983,decoy,330.24249642421853,2.3462999349660985
DECOY_0944,-8.404103170308387,decoy,427.9458201946202,2.2759685189123813
DECOY_1183,-6.7515651099160445,decoy,469.9481452159075,2.1891007853291824
DECOY_0055,-4.508037190377591,decoy,412.1755215563038,1.7798718986511375
DECOY_0560,-7.860889965469355,decoy,360.732526820861,4.07031037863973
DECOY_0867,-6.785801114941807,decoy,436.1439072664876,1.9427135926786332
DECOY_0639,-5.472356522109025,decoy,373.630539361784,3.496915817653099
DECOY_1182,-6.806811767490335,decoy,433.7523777820618,2.5856757080486714
DECOY_0777,-5.9813483973218196,decoy,349.0201750265382,2.9555511387801436
DECOY_1132,-4.762797985211475,decoy,396.9843938771139,2.7733557590760043
DECOY_1110,-8.533014180289037,decoy,349.07908007564026,2.6381765931675814
DECOY_0013,-5.263223928719723,decoy,386.23342921106035,4.058806411855963
DECOY_0232,-7.39846140141884,decoy,393.5416465627162,2.655531333334639
DECOY_0803,-5.7734666759937285,decoy,311.48125573773314,2.3580605959857293
DECOY_0729,-7.16498837212698,decoy,432.8374823594965,4.065111791752212
DECOY_0997,-7.4775706767725945,decoy,455.47546084269413,3.7453191432282305
DECOY_0189,-6.580891176494811,decoy,321.9299729582203,3.228670979075823
DECOY_0174,-5.818721084524599,decoy,403.67066051039166,3.0780068016700657
DECOY_0096,-6.76460168173179,decoy,342.11856083739144,2.8424945587004538
DECOY_1395,-6.869131864949297,decoy,402.78075347779924,3.1226432815573513
DECOY_0324,-5.1825838503901895,decoy,331.2499688033855,4.0347980128227725
DECOY_1220,-7.486276642820994,decoy,397.9083922718606,2.9907184939844313
DECOY_0069,-8.541240347237316,decoy,384.94550263258213,4.129154521948836
DECOY_1114,-5.838429929795297,decoy,293.1533649261443,2.8860928235970396
DECOY_0201,-6.581984967566252,decoy,364.75548604511243,1.9872654246253776
DECOY_1443,-7.3257577237392475,decoy,406.9184064923516,0.8013674562602378
DECOY_1200,-7.804286533088608,decoy,332.95381109607416,2.5601531758955325
DECOY_0901,-9.469833215538582,decoy,362.3934524527226,1.5859393754597442
ACTIVE_010,-8.9810255503451,active,395.2244268453998,1.9376139698988495
DECOY_0400,-6.045595487782114,decoy,341.1036909050056,3.164924195441075
DECOY_0890,-8.233900313312862,decoy,361.1821839793707,2.092209504893905
DECOY_0659,-7.803359775741002,decoy,390.90704573365383,3.064245942125316
DECOY_0206,-6.800456196993123,decoy,412.99484603892637,2.53229658968809
DECOY_0544,-3.9696007281555556,decoy,355.89923726738243,3.2856993945543
DECOY_0340,-6.448366966440435,decoy,417.3397866103496,2.790265760905698
DECOY_1382,-8.912045772508222,decoy,378.18426445918254,2.4545345780492496
DECOY_1363,-6.707077605147294,decoy,352.3026747124909,3.2168936864223134
DECOY_0508,-7.734175565940177,decoy,348.55891062702466,2.9539492857888394
DECOY_1281,-5.26449100705691,decoy,484.73764452648516,3.3731429060144036
DECOY_0913,-8.093318986962691,decoy,339.7729026841771,1.8727002198724845
DECOY_0411,-5.504874704074714,decoy,355.2478778315766,3.006726115050021
DECOY_0674,-8.12009442257461,decoy,368.48606299378616,2.8722791109482335
DECOY_1378,-7.345322191024524,decoy,439.4460127650778,3.119175842907816
DECOY_0095,-6.341367462547693,decoy,382.5730702836264,1.9805285320140311
DECOY_0452,-7.83201735720221,decoy,314.213168073627,2.6126939225955463
DECOY_1083,-7.260297870079131,decoy,367.26643023058017,3.092004333214396
DECOY_0690,-7.991051519101134,decoy,419.1482104190226,2.806189275189043
DECOY_1381,-7.589147866758352,decoy,355.96589083964386,2.8667167384306653
DECOY_0819,-8.189315680036337,decoy,402.5164451534936,2.064869552628414
DECOY_0682,-6.342494970295888,decoy,452.22312134015567,2.5637591166530243
DECOY_0490,-6.379362084417903,decoy,313.594202750696,2.9726019095035836
DECOY_0128,-8.026554852673085,decoy,398.89471195503336,2.9620284685769436
DECOY_1445,-4.2527117119804885,decoy,373.38970098759563,3.3160589625105885
DECOY_0648,-7.255036798857377,decoy,414.9602194579858,2.3772426101429667
DECOY_0951,-5.998670819188956,decoy,366.0985065941066,2.851641332226411
DECOY_1030,-6.260015597187267,decoy,426.7718649225045,2.537266418927124
DECOY_0882,-6.095357388837501,decoy,330.5978055989615,2.14280730760796
DECOY_1069,-6.331231157305129,decoy,471.0298708483136,3.669997215691483
DECOY_1493,-6.822196200394564,decoy,406.8920754518493,1.982051007641461
ACTIVE_008,-8.645281943940768,active,387.59820988488923,3.7546499213454263
DECOY_0869,-7.851360462548124,decoy,336.52335058862553,3.2229752278412644
DECOY_0618,-8.30373945436692,decoy,329.7504382495681,2.967990006738619
DECOY_1149,-8.619823952157809,decoy,395.20271664052234,1.7247613494335932
DECOY_0308,-6.548808124893735,decoy,363.8821553256444,2.656621330932569
DECOY_0734,-4.932511259428571,decoy,405.38950093058094,4.377915248338839
DECOY_0686,-6.811632872987581,decoy,312.4421689314057,2.046562218643184
DECOY_0280,-4.917261952030433,decoy,334.4665959430828,3.1950628037012967
DECOY_1036,-5.493096320624158,decoy,431.44867522975426,3.25465358483356
DECOY_1223,-7.110383836894323,decoy,442.57390063489305,2.8073230357521304
DECOY_1296,-7.322345264920686,decoy,407.4552737721454,2.0825287520099383
DECOY_0209,-7.780138241705991,decoy,420.78521820820765,1.7113176999174131
DECOY_0887,-7.319281417425079,decoy,442.15770191728495,2.941726693218666
DECOY_1165,-6.851286536904497,decoy,411.5630139969872,3.08847876402835
DECOY_0323,-6.452339799829336,decoy,350.86902663216074,2.180645303030522
DECOY_1089,-7.592431116262887,decoy,395.3517939800163,2.2657891804781554
DECOY_0936,-6.314272746824088,decoy,322.5883485688937,2.7181074775853613
DECOY_0093,-5.580671606303209,decoy,474.2364627475177,3.1809857211330197
DECOY_0476,-6.6136111013620145,decoy,395.17601510676207,3.157011127780339
DECOY_1125,-5.93773747698806,decoy,337.9745532732583,3.326936568365131
DECOY_0183,-8.129274820686886,decoy,334.01670528281306,2.6474739156974625
DECOY_1108,-6.57860250301626,decoy,291.3048072716707,3.0438303694925186
DECOY_1420,-7.005022192768654,decoy,369.9705069873659,2.5136685427987167
DECOY_0391,-7.733919739917816,decoy,354.3555956732073,2.742027986436162
DECOY_0482,-6.734258292410714,decoy,430.4839255296023,2.709287830635503
DECOY_1193,-7.585956073743339,decoy,388.9459428482934,2.46707333901374
DECOY_0177,-8.019850031099676,decoy,366.7760336780502,3.5192748866288044
DECOY_1039,-8.18119327004138,decoy,388.53449805499173,1.4571944995485513
DECOY_0179,-8.244887670832643,decoy,418.45732082760776,2.144842425078177
DECOY_1273,-6.8643849026882355,decoy,345.60212909160373,4.3426722349003795
DECOY_1291,-6.451300822731344,decoy,378.69069310847374,2.9405419149740406
DECOY_0163,-6.323189671269019,decoy,398.68085641457515,2.7533694063362804
DECOY_0836,-7.565198841272102,decoy,381.476409440304,2.8682766659999275
DECOY_0030,-7.900191752304786,decoy,389.26085506238314,2.3315323273248536
DECOY_0099,-6.720310368381154,decoy,351.08864644094933,3.0278582877224913
DECOY_0765,-6.5778308593620025,decoy,394.0139360140426,4.047300295020275
DECOY_0914,-7.712697018966519,decoy,437.30252737788254,2.952541819658197
DECOY_1321,-7.153598528018126,decoy,426.7232061625713,2.8700204394338096
DECOY_0622,-7.24841146199653,decoy,342.45827189156097,3.197155103462806
DECOY_1144,-6.465491684698766,decoy,305.0046936465649,2.4833266230313815
DECOY_0506,-7.992006987268587,decoy,425.2522662037363,2.1102821663815177
DECOY_0918,-4.9789584587155415,decoy,483.30859985404686,3.25729426402673
DECOY_0084,-6.321847737010243,decoy,400.2253281756412,2.2510947089349562
DECOY_1237,-6.064479987996206,decoy,431.5860548417778,4.00876856187055
DECOY_0884,-5.021638254381045,decoy,392.1579626793591,2.6543811890201963
DECOY_1266,-6.725864500809715,decoy,439.7930120285398,2.669300299841671
DECOY_0774,-8.237344310587453,decoy,412.2722644820938,2.3467570552111763
DECOY_0359,-6.269197129247483,decoy,353.05370461634,2.940891781903274
DECOY_0319,-6.623857456623602,decoy,383.42569415313847,2.6069225164980514
DECOY_0458,-8.167517295632631,decoy,447.10269753292073,3.6587360185900613
DECOY_1172,-9.785225872258918,decoy,466.2327530150212,1.821693322362445
DECOY_0455,-5.41695369166302,decoy,425.77858313278455,2.3056495531180596
DECOY_1326,-7.5753227033181565,decoy,361.3726164318705,2.7221712217555525
DECOY_0298,-7.094001446268669,decoy,390.36638283177257,2.865352560858851
DECOY_0337,-5.985136177631256,decoy,403.5183693297976,2.1665078818633674
ACTIVE_001,-10.311137249966713,active,408.5415275764461,3.6280688377463326
DECOY_0981,-6.267559260980544,decoy,395.12519557756184,2.831297474303328
DECOY_0311,-4.028381233025358,decoy,410.1032927144349,1.9378735313243203
DECOY_0845,-5.688444070443632,decoy,350.096473435779,2.160421686893393
DECOY_0779,-8.199230291163245,decoy,465.9943965669418,2.4534902643269563
DECOY_1412,-7.034535992922937,decoy,355.268085288847,2.527178966811624
DECOY_0426,-4.376272684809381,decoy,385.3879234471369,2.3386469985183482
DECOY_1274,-7.369276034393471,decoy,461.0763455735662,3.0671585538004216
DECOY_0008,-6.138119860541282,decoy,374.34119830765377,2.4206912441078097
DECOY_0588,-5.203390676979911,decoy,369.8356518037346,2.766477277914267
DECOY_1300,-5.125354231021193,decoy,470.9014351579361,2.4825094852257292
DECOY_1034,-7.692824209779617,decoy,354.26805674343376,3.398446771835083
DECOY_0964,-7.457121155234946,decoy,413.43823927934005,3.1837346072983563
DECOY_0123,-7.417506596690142,decoy,272.59022315974636,2.6377784454120405
DECOY_0401,-7.586612301495543,decoy,415.42985856393153,1.3525887603631697
DECOY_0076,-6.209022233691486,decoy,384.5479799210544,1.1867720941133169
ACTIVE_039,-8.924542705756357,active,353.99303617307004,2.046215578146964
DECOY_0481,-7.651664474235811,decoy,345.52854814696445,2.728227108404092
DECOY_0808,-7.234096354815219,decoy,392.9461940688274,3.522111672977272
DECOY_0664,-5.672244846800208,decoy,412.65831535303477,2.686113731416109
DECOY_0041,-7.4724188957732185,decoy,432.80504366318775,1.9903116204089812
DECOY_1449,-6.390158756368586,decoy,312.58076631606554,3.325486341856695
DECOY_0132,-5.339818201349286,decoy,376.9472345863377,3.386379416587409
DECOY_0826,-7.800064988076109,decoy,405.13466988426694,2.807881269562113
DECOY_1494,-7.143144846883784,decoy,353.6611378729243,2.8818914775347078
DECOY_0737,-6.569458932954832,decoy,387.3016102999328,3.7532973864412518
DECOY_0365,-5.505336168286043,decoy,414.4328512157146,3.440304461914085
DECOY_0202,-6.560612198362246,decoy,354.19524680361553,2.5683844786272774
DECOY_0020,-7.35696925683674,decoy,359.8939568854409,3.582359297536802
DECOY_0754,-7.6916600371885995,decoy,423.22276757867286,2.4390195256680274
DECOY_0082,-7.176348966653907,decoy,387.15940629901894,2.3185602476797804
DECOY_0251,-6.05993063973289,decoy,335.718627603987,3.6895211632286267
DECOY_1006,-8.607120159455537,decoy,453.58805262770113,1.5597941249405436
DECOY_0277,-8.049327811861307,decoy,375.5521468995201,3.0253771644359984
DECOY_1464,-7.440384239189403,decoy,363.5053766431547,3.194295955098351
DECOY_1129,-6.687024571459916,decoy,345.5952293618176,2.793668024010017
DECOY_0450,-7.106517952159438,decoy,352.68998442912164,4.845871048212005
DECOY_0292,-7.981124034208383,decoy,404.79574457538274,3.010443835123834
DECOY_0783,-6.846393989690923,decoy,462.81601162600623,2.6689310503586046
DECOY_0315,-5.230972962571145,decoy,359.76249428681774,0.6654918365665639
DECOY_0446,-6.882464700555298,decoy,377.02656601987957,3.4797659737793394
DECOY_1391,-6.738227596632221,decoy,386.48346130390587,3.130196628029835
DECOY_0289,-5.903288947512809,decoy,364.2242977861637,2.3377080320050223
DECOY_0372,-7.885205977205643,decoy,441.9142169205493,3.271797132820664
DECOY_0115,-7.953471275358929,decoy,409.9005894261099,2.922905464181935
ACTIVE_029,-8.259852053741142,active,318.53150729774234,2.993834048472973
DECOY_0467,-7.373362283442813,decoy,389.2500293533459,3.8250357472686316
DECOY_0144,-6.176049612768072,decoy,361.0680051084778,2.7828723371279906
DECOY_1424,-5.242987969428023,decoy,375.26114339141355,3.8369199501753153
DECOY_1358,-6.380410379472619,decoy,342.00348835561806,1.9188292416608017
DECOY_0896,-7.144498243722601,decoy,422.79556147391605,3.0573644257250985
DECOY_1357,-7.379514677778359,decoy,390.77508317148244,2.9694455399547586
DECOY_0120,-5.6304432371718,decoy,369.2573943267799,2.873176144626271
DECOY_0118,-7.511801948693709,decoy,367.1650428991566,4.260171031517018
DECOY_0603,-4.98477837666253,decoy,357.59371921115485,1.5976227122961102
DECOY_0124,-4.247512539178432,decoy,389.2232707547092,3.7732042065223568
DECOY_0469,-8.171607011658354,decoy,441.7432927042054,2.6612423924049304
DECOY_1327,-6.054999535992469,decoy,346.21388258516004,2.492168798242171
DECOY_1171,-7.190856796852001,decoy,400.95498524156795,2.929083125166952
DECOY_0863,-4.943732978609554,decoy,394.8465898253607,2.9158700609748505
DECOY_0442,-5.63519279772942,decoy,422.9749554372543,2.4205206109825808
DECOY_0904,-5.863928623716046,decoy,381.99554726890653,2.912165722424022
DECOY_0024,-5.160872592860786,decoy,331.4570024036921,2.954865169818461
DECOY_1246,-7.2445212391325455,decoy,386.32692731157704,2.8525767195102034
DECOY_0538,-6.957700351647852,decoy,400.7682001982596,2.0253809149363615
DECOY_0701,-7.418775870946806,decoy,385.5805583437907,2.638390478561921
DECOY_0608,-6.562602834251974,decoy,381.82590805449314,2.7777072598989125
DECOY_0185,-7.381154127617149,decoy,393.3675994874677,2.1873323145802024
DECOY_0683,-6.640227785983647,decoy,393.09178440643603,2.4665277776029484
DECOY_1173,-5.939223763339935,decoy,418.3016590229769,3.79422135564642
DECOY_1219,-6.002461023229269,decoy,400.71042803657906,3.2999856649916133
DECOY_0885,-7.454586918844313,decoy,443.15301968107815,3.895859821627239
DECOY_0059,-6.347229162000569,decoy,460.14350293598807,3.743720170326359
DECOY_0519,-7.5655451316789035,decoy,358.75296416134876,2.07845031368782
DECOY_0841,-4.903295314617925,decoy,418.29460708394436,3.157633582602334
DECOY_0898,-7.949712837968939,decoy,398.5691704578713,1.8659755543138172
DECOY_1315,-5.72405555402481,decoy,418.4896999729606,2.88124741261908
DECOY_0835,-5.412202419665669,decoy,415.4463303241032,2.2530701618211353
DECOY_1258,-8.073630308446852,decoy,462.2829798254697,3.6838223019598324
DECOY_0801,-6.528040586618926,decoy,326.80595915944997,3.5236476798666865
DECOY_0685,-8.313363309364474,decoy,348.34161843676037,3.039010926937942
DECOY_0668,-6.207435279237899,decoy,308.6263262104543,3.10977573312437
DECOY_0405,-7.457209506276858,decoy,333.3470112737336,2.7074371097917314
DECOY_0215,-7.077569811060453,decoy,425.4685129702055,3.1825317903564203
DECOY_0026,-7.1037976615224485,decoy,357.0772849811257,1.4179385816630157
DECOY_0395,-4.384828786799622,decoy,386.2069000841513,2.596590899179388
DECOY_0346,-6.650550626079903,decoy,373.28200239306284,2.8079532281756916
DECOY_0127,-4.67584943303309,decoy,370.1229714482611,3.499323023256916
DECOY_0993,-7.520232981471828,decoy,410.61465013825324,2.1883962086670374
DECOY_1304,-5.879935409179235,decoy,335.9358453356115,2.7324787653262845
DECOY_1390,-6.095650647269782,decoy,356.69632814749923,2.9017339616541094
DECOY_1185,-5.845138846681516,decoy,431.6135751571573,2.6779279919410417
DECOY_0546,-4.775743757459676,decoy,336.7793290456104,1.4863864986361388
DECOY_0012,-6.197353428812001,decoy,378.6272549262502,2.949668317069102
DECOY_0823,-7.039366807151311,decoy,377.6948546581556,3.2918314808191824
DECOY_1107,-6.900838749638759,decoy,346.33168712617015,3.1663544110962465
DECOY_1403,-6.159021729737498,decoy,361.73779894386576,2.7389321606714847
DECOY_0229,-6.908095749260627,decoy,351.1632311680751,1.7167796645643103
ACTIVE_037,-9.38053026533213,active,398.6320182431465,2.5356616730424046
DECOY_0613,-6.450756993193945,decoy,396.9783969861664,2.548190587368898
DECOY_1348,-7.796318328764242,decoy,418.42522018927434,1.7820258586785291
DECOY_1071,-5.064095868874705,decoy,412.5267032786753,4.097047646820207
DECOY_0928,-7.51376919928995,decoy,371.37687827746345,2.55044760135723
DECOY_0689,-6.64334275448894,decoy,410.0418265361726,3.100972138341103
DECOY_0142,-5.364675025386157,decoy,333.5050550083623,3.0629665484424353
DECOY_0870,-7.303416191079137,decoy,388.7794698218819,2.899460504157676
DECOY_0407,-6.698857298994986,decoy,333.1789790245406,2.9999153495576727
DECOY_0626,-8.325708693804186,decoy,336.4584528266061,2.688235007360947
DECOY_0711,-7.084750303361597,decoy,340.70114504507046,3.869900057538051
DECOY_1349,-8.529546242675973,decoy,437.6753878098935,3.574058374760249
DECOY_0679,-4.3089194701348,decoy,449.62344764694427,3.7681415699637886
DECOY_0363,-4.572722739665425,decoy,437.621578956493,2.278882501968018
DECOY_0776,-6.352005284688572,decoy,378.00391291847126,3.7746242449163305
DECOY_0567,-6.064769569439578,decoy,421.0846787796831,2.909046813361462
DECOY_0065,-7.513480344531178,decoy,369.30878233785745,2.269117121297016
DECOY_0368,-6.701442202948971,decoy,381.97201362878695,4.3281344153947625
DECOY_1425,-8.800893195754274,decoy,409.30019204779836,3.37718688786073
DECOY_0920,-8.11050495747122,decoy,493.4788804044385,4.156302506636825
DECOY_0555,-6.085564881491522,decoy,433.93259465694547,2.550302385297925
DECOY_1431,-6.240311567243014,decoy,327.4972250964955,2.518306422199808
DECOY_0040,-6.8055461783738425,decoy,450.34017204986253,2.422029531780955
DECOY_0799,-8.3949764584083,decoy,338.01911898426533,2.5584273341120234
DECOY_1133,-5.226470952604981,decoy,427.06175719494735,2.677662928156694
DECOY_1430,-5.946335687592508,decoy,344.080913185158,2.2730358271078077
DECOY_0704,-6.188664975864267,decoy,359.15114827532517,2.3616801061821846
DECOY_0449,-6.3005126589647755,decoy,427.84625409754227,1.4737552756318963
ACTIVE_012,-8.732384941493795,active,379.110818133366,3.0011469480557045
DECOY_0347,-7.246660520065026,decoy,407.86584423921323,2.729441481242878
DECOY_0235,-4.300881505981305,decoy,434.42667626444717,4.522094195152244
DECOY_1017,-7.308538844474864,decoy,362.95188072258577,2.6891814716290923
DECOY_0641,-7.795912127691878,decoy,350.79309133547724,3.606711522413721
DECOY_1222,-5.513274195213581,decoy,466.3729396537524,3.1723598511016653
DECOY_1400,-4.128280000092738,decoy,364.86015568940593,2.980057038934122
DECOY_0640,-8.61220467489728,decoy,415.1298077208549,3.143068711918019
DECOY_0802,-5.901014948783211,decoy,376.39410898545486,1.6321126487605848
DECOY_0110,-8.686009058462467,decoy,438.4805176032204,2.2952510383277405
DECOY_0846,-6.563387129756448,decoy,358.72362597805636,1.6696470293069832
DECOY_1180,-6.26445140778464,decoy,407.1666222532279,2.5943028972182183
DECOY_0208,-7.179293244644593,decoy,383.5814737972049,2.34901609744502
DECOY_0286,-6.856342625607762,decoy,353.90253647940347,1.5166109762497864
DECOY_1404,-7.694608368018585,decoy,316.2567474481028,3.001091992609729
DECOY_0990,-8.818269454160497,decoy,383.1703911800274,2.644449292867319
DECOY_0466,-7.0077286640072245,decoy,391.05668587350175,1.8246694736108657
DECOY_0966,-6.319521889496251,decoy,377.2422879502328,3.166306210912096
DECOY_0719,-8.304867786930467,decoy,358.650510565076,2.7530230535141103
DECOY_1310,-6.978357653503773,decoy,373.8659172433567,1.1186795960588538
DECOY_0712,-6.816614681980181,decoy,351.4886166084698,3.2567169716266426
DECOY_1088,-6.345911127309662,decoy,426.7167112251445,4.369252635752445
DECOY_0472,-8.635142236962366,decoy,264.5992479877817,2.4378378224726998
ACTIVE_023,-9.426103695914655,active,474.6159639775508,1.7451364906724995
DECOY_0307,-7.0152035935894235,decoy,378.00072656434605,3.2087660977443333
DECOY_1265,-6.729745286095853,decoy,473.6141151219545,1.9478506174798342
DECOY_0291,-5.752850110146214,decoy,423.6754531898696,3.399038762221451
DECOY_0382,-6.354660805000924,decoy,421.5558550937572,3.407225760817152
DECOY_0424,-5.745404617183587,decoy,377.04669055968037,3.139830813101433
DECOY_0168,-7.36312385541387,decoy,365.0059102809394,2.0162758430298817
DECOY_0862,-4.005755707066321,decoy,420.39855246320116,3.8568880134914645
DECOY_1196,-5.433096778484542,decoy,420.71033605899134,2.3217584674821863
DECOY_0962,-7.299657664645901,decoy,323.1369963742419,3.4852621694447676
DECOY_1457,-8.791657199217873,decoy,280.9863721274001,3.745004410867267
DECOY_0044,-8.677675690135468,decoy,335.6260831180923,3.364652421776475
DECOY_0959,-5.103795059499264,decoy,320.77510814879435,2.4219450942440157
DECOY_1021,-6.162984154410964,decoy,354.6629016449167,3.5153487578564278
DECOY_1043,-6.1986730997887465,decoy,343.8126434920595,2.9192457335519406
DECOY_0647,-6.052496560572519,decoy,352.0611901641916,1.325781313304975
DECOY_1338,-5.400119523997703,decoy,304.6131083085068,3.336761117091288
DECOY_0947,-8.421393105298677,decoy,396.8089404711273,2.8871711526090076
DECOY_0104,-7.67068654940799,decoy,347.708702214432,3.9926605292379973
DECOY_1050,-6.687730694005409,decoy,438.2778566352342,2.8731559986846467
DECOY_1293,-6.491901157546813,decoy,431.7726235851775,2.103245600810361
DECOY_1498,-7.563274781248495,decoy,394.1066281776826,3.969364111341922
DECOY_0740,-7.724281388747529,decoy,264.22098950118277,2.8383440903202546
DECOY_0531,-8.345751963345927,decoy,382.25548107743145,3.4895093948454097
DECOY_0654,-8.432600814111806,decoy,388.519636233107,3.8539887499923378
DECOY_1252,-7.6245032646041135,decoy,420.8963653152375,3.2905387247574565
DECOY_0438,-5.111309995421283,decoy,429.02930304796155,3.1669702922012712
DECOY_0510,-5.901082703969057,decoy,387.62099050419084,2.7929589378719015
DECOY_1070,-6.120444938623037,decoy,361.2019141862345,2.771069040778525
DECOY_0752,-7.2861623679918255,decoy,322.38919887352796,2.4574913023753915
DECOY_0463,-7.149107928372288,decoy,307.4928018942336,1.9864796510315026
DECOY_0584,-7.530360280907715,decoy,395.13737016780715,3.2152502325423638
DECOY_1096,-7.3056298965854065,decoy,335.32940463410995,2.318134458165614
DECOY_1334,-4.928465471272812,decoy,391.8629326308895,2.0435885841996826
DECOY_0741,-9.283139855693031,decoy,466.3186517880015,2.663723180936946
DECOY_0067,-5.479611826084409,decoy,405.44530188561424,2.5192373926968283
DECOY_0691,-7.617086583443546,decoy,346.5223499312125,4.3827618790997
DECOY_1032,-7.338791362580568,decoy,428.2034099969376,3.8965684255809374
DECOY_0781,-7.707310574593701,decoy,382.96467488288135,2.4188938956468036
DECOY_0070,-6.680232375707742,decoy,378.69922239426836,3.288374259686168
DECOY_0607,-7.667992230537311,decoy,405.8361719775343,2.3532929322355125
DECOY_1422,-7.232709581457587,decoy,371.53989831882404,3.1166628877125753
DECOY_0586,-5.066138114263134,decoy,413.80063876017005,2.5774085477336683
DECOY_0320,-5.862044336656003,decoy,443.2431795874676,2.399484906047186
DECOY_0219,-7.879398523295644,decoy,424.5964624298931,2.9414531424768158
DECOY_0606,-4.513116708023967,decoy,371.1046953673239,3.351676959108261
DECOY_0886,-6.811733148292704,decoy,419.0651565595756,3.914473053304063
DECOY_0773,-6.2152752182427635,decoy,378.56787989420303,1.5712379724727645
DECOY_0817,-4.774665043045416,decoy,350.28350483741656,3.1629755205903654
ACTIVE_047,-10.955971240998371,active,397.5811614871552,1.8626161290614036
DECOY_1284,-7.0662127067164064,decoy,408.5386180178956,2.6658220230588903
DECOY_0942,-7.132473366751911,decoy,392.7132780809948,2.741863833554592
DECOY_0827,-6.115692169602782,decoy,475.5544320484206,3.3512810176068886
DECOY_0724,-5.436336829617934,decoy,378.8276814996917,2.7808112530138693
DECOY_1500,-6.861252224199812,decoy,301.31292537114166,2.1228051292015526
ACTIVE_005,-9.878718119879643,active,365.4407522988842,3.2990574627623745
DECOY_0954,-7.931323968602023,decoy,416.9695102087114,3.042645310695069
DECOY_1295,-8.039329954790341,decoy,413.2918716343736,3.353229191683348
DECOY_0214,-5.274315666888762,decoy,428.967984200685,2.8564959997789727
DECOY_1174,-6.337982999287315,decoy,401.116060622814,4.228582338154947
DECOY_1366,-5.6270219966861985,decoy,386.50394205878166,2.3291883605206247
DECOY_0394,-7.703770173298409,decoy,400.4399864172856,4.061972282301626
DECOY_0953,-6.407241842478879,decoy,438.310475075643,2.0803446352818975
DECOY_1028,-6.6904436389091,decoy,386.33970230356005,3.7971447289192812
DECOY_0788,-7.156784409050326,decoy,373.62618296784757,2.7882537742728655
DECOY_1336,-5.369525640919898,decoy,334.0947769583709,2.8849118568966685
DECOY_0255,-6.60238897700712,decoy,313.6004644506171,2.2821624567322925
DECOY_1164,-8.362940667120712,decoy,354.66518490643915,2.856547875159142
DECOY_0264,-5.726315622074153,decoy,421.39188904923685,2.0810838010481656
DECOY_0100,-7.271315372236373,decoy,384.1767967322548,3.7712592247369026
DECOY_1099,-5.084659467140796,decoy,376.6572385020736,1.9264083900646445
DECOY_0525,-6.710606657220034,decoy,310.84076706047716,3.4409085829876
DECOY_0001,-5.095767794058507,decoy,404.2599025916346,1.4662426734247411
DECOY_1161,-5.918682776046262,decoy,484.89986313949476,3.4173875322172726
DECOY_0677,-6.716467317994919,decoy,377.544515774858,2.6631643035269903
DECOY_0784,-6.032717108707633,decoy,345.9052722169465,2.470375277235777
DECOY_1066,-7.3635198506564805,decoy,392.82854965489713,2.6246209982308844
DECOY_1117,-5.934064228846583,decoy,361.3828141091721,1.5266167276883749
DECOY_0421,-7.51599102801898,decoy,387.7689567164893,3.010306058541809
DECOY_0922,-6.1964468906908845,decoy,385.13339506901116,2.9369837060797646
DECOY_0604,-8.061779556594164,decoy,420.9534250972477,3.879449557532523
DECOY_0350,-7.634957305777919,decoy,423.14903553105745,2.4614296087959935
DECOY_0462,-5.9669014440821995,decoy,449.1264538984316,2.045798177230038
DECOY_0271,-5.5437145534745405,decoy,394.71544638174777,2.8752120384033986
ACTIVE_020,-10.686843006233403,active,339.04715119242303,3.159817355746955
DECOY_0635,-7.434174129642776,decoy,428.2608972244469,2.772499752330424
ACTIVE_036,-8.421416105031273,active,454.4374327307038,1.8723989072487996
DECOY_0853,-6.869821045421146,decoy,405.9094965571143,2.0658749247349917
DECOY_0778,-6.389917604605294,decoy,304.10524785670816,3.330043519398509
DECOY_1436,-5.86528387901394,decoy,462.20093420837634,2.4027644607778353
DECOY_0358,-5.99955596375638,decoy,440.44808423044293,1.92370803629433
DECOY_0871,-6.474538957354999,decoy,385.6644366894517,2.1761853225807117
DECOY_0488,-5.550863751516539,decoy,432.4387709157985,2.4827396182831443
DECOY_0709,-7.032787035707728,decoy,342.3966228966062,3.752987673420032
DECOY_1013,-8.545920056587272,decoy,480.7040655642519,3.006658127694456
DECOY_1150,-6.518727475978627,decoy,271.0303005338152,3.793227600141228
DECOY_0196,-6.429003774272158,decoy,356.9337694344471,4.764672790491199
DECOY_1078,-7.030339155638059,decoy,459.9536957698639,2.258238291754415
DECOY_0735,-7.349346910946817,decoy,427.3564022511916,2.7851703238024776
DECOY_0440,-6.312562937674505,decoy,406.915492112852,3.005041973520794
DECOY_0105,-8.137063717112987,decoy,419.2795898298026,2.6447205542730767
DECOY_0912,-5.844352149304325,decoy,351.94514999172293,1.745509523611645
DECOY_0804,-8.915613419063304,decoy,423.3591467311307,2.6511465635011064
DECOY_0576,-8.028426968575038,decoy,368.72447871076616,2.0349371609794504
DECOY_0636,-8.36532260234218,decoy,368.98033775959385,2.8756367760066226
DECOY_0520,-6.502475298242301,decoy,367.5841010591192,2.2232893188739107
DECOY_1423,-7.351058867113644,decoy,346.6140906880795,2.9137364927879945
ACTIVE_018,-8.120890431029038,active,409.907334056333,2.5555802533426903
DECOY_0078,-6.605224252988975,decoy,420.23980460008585,3.044025468391027
DECOY_1473,-5.750309930408264,decoy,433.846608575599,1.939786548521007
DECOY_0878,-8.861914540632428,decoy,410.5861064601559,2.437164632379587
DECOY_0931,-5.670624577269895,decoy,410.2696435782768,3.3448512820098264
DECOY_1469,-8.016613117390232,decoy,383.9289104122772,2.6776736867432063
DECOY_0141,-7.529962297649396,decoy,330.48423001142925,2.5366049101936543
DECOY_1090,-6.869895910895634,decoy,392.86950321648413,2.4700450269597174
DECOY_0943,-7.475716583522653,decoy,389.1573629013581,1.8934492849412081
DECOY_1462,-6.116324887547603,decoy,281.914076030411,2.7810686155279343
DECOY_1244,-7.621777714561695,decoy,362.26138440284257,3.3038070335889635
DECOY_0557,-5.4630532204435305,decoy,374.38888621845285,3.3002553312219103
DECOY_0131,-8.181874512069298,decoy,427.5051888408539,1.4663417778285854
DECOY_0252,-4.056122243506573,decoy,392.1142999156212,2.542223722135038
DECOY_0447,-7.2660413547508815,decoy,387.3160934961705,2.2743484248569836
DECOY_1285,-5.4838125337708234,decoy,427.2320019110339,4.143646179792854
DECOY_1249,-7.579682502468623,decoy,346.6390314649891,2.5318455225476595
DECOY_1229,-8.366701688551988,decoy,353.34061961940426,1.4295579667928955
DECOY_0468,-8.889117046311078,decoy,385.1075060435367,3.3761479125326685
DECOY_1020,-8.662628613837676,decoy,430.2424269110438,2.989265001436554
DECOY_0427,-8.846655831424599,decoy,426.8890419935696,2.5159298348292998
DECOY_0108,-5.098898474528567,decoy,399.706589295622,3.2177701990034957
DECOY_1146,-6.352597166178503,decoy,431.78027461042035,3.0757507185107866
ACTIVE_017,-9.699304998301308,active,348.8495849704565,2.3399343948088474
DECOY_1023,-6.460827723014729,decoy,388.3960317046814,2.2316649288441357
DECOY_1476,-7.701769798978024,decoy,349.05454786652143,3.1184285017646487
DECOY_0497,-6.966472470773221,decoy,410.748727595011,2.484301733081149
DECOY_0609,-8.443993353000131,decoy,342.1616621320806,3.6163228676828556
DECOY_1455,-4.487361215066938,decoy,411.6325793816916,2.5724762900671205
DECOY_0970,-5.2241591318631855,decoy,421.03600532894023,2.931218919515638
DECOY_1250,-8.190016643264435,decoy,375.07225295348354,2.6519646432865427
DECOY_0910,-7.822185767753253,decoy,381.1470653851861,2.866609581385649
DECOY_1406,-7.748234457809716,decoy,422.3640600371563,2.459685252864484
DECOY_0234,-6.533751988787956,decoy,365.62373794181104,2.4325964371932725
DECOY_0748,-6.662902052363329,decoy,450.18259235675754,3.151071320333977
DECOY_0176,-6.421338875018138,decoy,472.12112297947033,3.6632085014723836
ACTIVE_027,-9.162842021894672,active,393.0205313632835,2.3031340750105826
DECOY_0388,-6.053411310658939,decoy,397.5766898748752,3.278441050318974
DECOY_1456,-5.755558663355809,decoy,400.3315614285717,2.8120094987308315
DECOY_0180,-6.680990691850735,decoy,354.18587418354383,2.9433163259770234
ACTIVE_038,-9.271709343869492,active,408.9056399533483,1.9002083976722672
DECOY_0700,-6.871035685814986,decoy,299.59824563206894,2.9566808695636784
DECOY_0996,-7.930742435048914,decoy,470.0092319023712,3.2078507608990767
DECOY_0420,-8.244400596870895,decoy,377.95355087609977,3.679925931424618
DECOY_1272,-6.199436495971296,decoy,353.288344976,3.098733612470541
DECOY_1472,-7.764025635844127,decoy,376.0498132365619,2.981947670833796
DECOY_0638,-5.7509552883566535,decoy,334.72527990541494,3.7343463151364413
DECOY_1375,-6.082103052586768,decoy,408.4165465681126,3.0454483805185717
DECOY_0590,-4.267813122242101,decoy,391.044686336651,3.333727385367956
DECOY_1471,-6.327178691675824,decoy,373.8712519948986,2.9161457408383815
DECOY_1169,-7.816470933941038,decoy,344.3910191428478,2.7921515380364292
DECOY_1109,-7.696138529330381,decoy,377.5927252320808,2.0109381072168153
DECOY_1243,-5.964059720905324,decoy,361.2393762834692,3.5938364418596773
DECOY_1360,-4.5825244535128125,decoy,340.08658044450146,2.3372798910100663
DECOY_0751,-7.909466075842964,decoy,369.1819855711498,1.9351623118762615
DECOY_0111,-6.257744584791033,decoy,459.3467683756978,4.1554233688722935
DECOY_0907,-6.653779539472907,decoy,343.1131702116008,4.555572361466713
DECOY_1137,-5.0977649129385645,decoy,383.3740319225415,2.7702315596532086
DECOY_0772,-3.409351246547707,decoy,394.7592606350584,2.46890639118165
DECOY_1264,-7.123219877655286,decoy,409.0632318419853,3.3715855860594552
DECOY_0828,-5.788030866730056,decoy,380.06755361170116,3.383337492185354
DECOY_0864,-7.217125717675912,decoy,317.28819250907776,2.3766877092098553
DECOY_0103,-8.466596760388581,decoy,360.89567090888875,3.6378569539899974
DECOY_1370,-5.677642976691768,decoy,340.5334204561405,3.9244815061261797
DECOY_0460,-6.934574120275148,decoy,389.8968155760938,2.238909422515877
DECOY_1086,-7.260695927620489,decoy,372.33976285963854,2.393515968014045
DECOY_1201,-9.805312631595736,decoy,460.8371681241422,2.740664989846606
DECOY_1251,-5.671712664689312,decoy,433.78447811497864,3.508126947615043
DECOY_0054,-7.071542577253487,decoy,425.7011882524993,1.9498739642446208
DECOY_0537,-5.882391016181236,decoy,378.83346734743515,3.184538780546462
DECOY_1328,-6.930949440592003,decoy,323.14271837881716,3.652143319907775
DECOY_1094,-7.822545318118502,decoy,334.41910855477227,3.02904892414085
DECOY_0004,-6.309981992652823,decoy,405.67832484821275,1.855714830214633
DECOY_0102,-6.4264480802031505,decoy,361.6204064285031,2.4205941860824907
DECOY_0354,-7.921612627471357,decoy,437.0452560715851,2.2327778245801464
DECOY_1453,-4.681718428616133,decoy,276.6582212355595,2.8115477122508428
DECOY_0158,-7.631341171974992,decoy,289.9669729662125,3.0987309522334194
DECOY_1414,-5.688769177187077,decoy,398.9199774836365,3.7372643820003035
DECOY_1073,-6.437163658410736,decoy,410.12824139892325,2.840641756255195
DECOY_1312,-8.65805727757661,decoy,444.77249491318014,2.796290794622233
ACTIVE_009,-8.963124881274531,active,427.42468486291983,3.0888518126145628
DECOY_0965,-4.965375677291076,decoy,427.9700819608638,3.0272451521468957
DECOY_1340,-6.09266315748763,decoy,380.43002918715956,3.549949710885159
DECOY_1011,-5.91448826681385,decoy,381.5842861592009,2.0248976208143357
DECOY_0403,-6.5933240310833945,decoy,336.7516815957292,3.3433050972466174
DECOY_0204,-8.03918629557149,decoy,413.16423875453523,2.449208702860952
DECOY_0847,-5.928675892857154,decoy,395.0721483239297,3.2626622404102865
DECOY_1302,-4.79559453303906,decoy,390.68395322457945,2.934592229591868
DECOY_0831,-4.19038328420411,decoy,300.07033537023625,2.944860875578212
DECOY_1499,-7.919894859368722,decoy,422.453988828572,1.6136296808385717
DECOY_0574,-7.01394602435329,decoy,413.2174545913185,3.133976741951603
DECOY_0296,-6.515991744547676,decoy,460.4683895225505,1.4677806137543588
DECOY_1280,-7.080109617789238,decoy,406.07555012046157,3.8713147296460466
DECOY_0213,-6.950970562789726,decoy,322.2365510665244,3.1947680791996564
DECOY_0101,-6.882667992653751,decoy,378.7394429832393,2.8654701763743984
DECOY_0423,-6.410286774213986,decoy,437.24872967234876,1.573228128951421
DECOY_0591,-6.429673927417955,decoy,371.78308449308753,1.741230763930672
DECOY_1485,-5.413813073960885,decoy,348.9914898685069,3.7717640123118645
DECOY_1407,-5.915147458267841,decoy,333.41076796717675,2.5980316005078707
DECOY_0501,-5.2820946983553,decoy,335.8843632268644,1.5876988995425225
DECOY_0879,-7.16007888489979,decoy,347.13343782631625,2.7185963866814444
DECOY_0439,-6.349242883718833,decoy,374.98771228159524,3.646246131191158
DECOY_1353,-7.658399882408459,decoy,361.793946465081,2.5650836229101306
DECOY_1122,-5.2385529039646475,decoy,340.65354767563,1.8403808104686483
DECOY_0097,-7.5387946619026085,decoy,404.1038983554069,3.267958660225148
DECOY_0353,-7.760282777384787,decoy,396.7805046217926,1.5729174331648434
DECOY_0905,-6.506907212240165,decoy,352.87795364905764,3.354991140423027
DECOY_1489,-4.9277126010245595,decoy,398.59238514599156,2.3133546667670846
DECOY_0610,-9.794001304350818,decoy,399.302164112898,2.9636373030925944
DECOY_0414,-6.487466741786145,decoy,417.4664439758096,2.3491560391239936
DECOY_0137,-5.638976803457709,decoy,438.0938386006009,3.133279887285096
DECOY_1098,-7.782668515036138,decoy,344.1300093783973,2.720296153516272
DECOY_1175,-6.482639490776463,decoy,362.4587374863938,2.7257923787834724
DECOY_0559,-6.924194702678689,decoy,473.8893751138927,3.8573958575473535
DECOY_0094,-7.765848747183454,decoy,351.31470550434466,1.9810290472220964
DECOY_0702,-6.379544681453413,decoy,324.48543650783387,3.093027999544396
DECOY_0932,-7.790043273026431,decoy,360.37778680524667,3.4177472577987036
DECOY_0148,-5.2801629798206084,decoy,330.4518287532599,2.816381294035096
DECOY_0834,-5.558177529851267,decoy,454.0727326067171,2.3559091164450585
DECOY_0230,-6.803519302062418,decoy,434.36332869170917,2.9954395993233773
DECOY_0244,-5.525555811238989,decoy,341.30730383645687,3.3501913938821826
DECOY_1361,-5.3023498441744294,decoy,350.249057943338,3.3139031983228247
DECOY_0351,-8.34782871341629,decoy,338.6553908692134,3.012666902829157
DECOY_0073,-7.058634884602463,decoy,382.0163480702326,2.0742896808345948
DECOY_1158,-4.821561205779644,decoy,459.5117515472499,2.1773764900441615
DECOY_0153,-6.797610493852845,decoy,394.34317880183437,2.7938618851420536
DECOY_0786,-7.153799298467287,decoy,444.5714876194595,2.953873512500097
DECOY_0197,-6.819230796467931,decoy,392.04292682860046,0.8866137575791522
DECOY_1419,-7.000747918158477,decoy,404.4603959495225,3.9469550695849733
DECOY_1405,-7.628141830193824,decoy,353.9021801293732,3.0428133930611674
DECOY_1104,-6.271178840999594,decoy,368.85550846294,3.4239234358192245
DECOY_0335,-6.086438795094993,decoy,359.5000200499807,2.2414268107844304
DECOY_1316,-5.971834307757731,decoy,394.0337950107018,3.3770334816113863
DECOY_0805,-6.863058896531312,decoy,373.95018719460796,3.46301183922182
DECOY_0170,-5.933724158525201,decoy,348.68755201346835,3.337290243634448
DECOY_0592,-5.591467124489532,decoy,403.01542597526145,2.536213692906845
ACTIVE_002,-11.431162933648686,active,380.59827071492754,4.334812873656376
DECOY_0063,-7.070731619446026,decoy,411.484182376984,2.7055205975188654
DECOY_0649,-6.2132807378761346,decoy,327.742906457511,3.15376731428795
DECOY_1428,-4.524121358723703,decoy,378.1311917854955,1.8758130726438602
DECOY_0902,-5.078786934637674,decoy,286.819803909615,2.2093164084979064
DECOY_1311,-6.131703365970035,decoy,364.3891012399764,3.1654836050509503
DECOY_1242,-9.30555424442905,decoy,374.61155230431933,1.4325832643299494
DECOY_1350,-6.4335569320546355,decoy,337.7500783667053,3.355636293436767
DECOY_0392,-5.981586548037464,decoy,365.2998142943777,2.435306666175489
DECOY_1087,-6.777935737773101,decoy,391.3134044504622,3.2277257982187386
DECOY_1207,-8.545035991658425,decoy,401.08158035651945,2.69583044109254
DECOY_0614,-7.136435350304984,decoy,394.32957745651424,4.321967152761648
DECOY_1369,-4.994961209586877,decoy,459.0249388199017,2.650122158697991
DECOY_1208,-7.18552064016665,decoy,298.2642683063998,1.8430004118081933
DECOY_1325,-9.032025505675106,decoy,359.53433560049524,1.9391124755351714
DECOY_0268,-5.470597107180205,decoy,343.97618534518216,2.0509264162343537
DECOY_0599,-7.4634124157849,decoy,440.550572238017,3.488387356191029
DECOY_0660,-6.885967997416145,decoy,357.562038132341,2.405043732388793
DECOY_1233,-7.981127626082243,decoy,397.136646233001,2.154390278047618
DECOY_0923,-5.977062058834611,decoy,407.73796939904435,3.2120936199312187
DECOY_0578,-6.999726007535987,decoy,400.27910791225236,2.9312567831306944
DECOY_0583,-9.082062354804481,decoy,432.75983543327004,1.7355601664124989
DECOY_1257,-7.960310007891027,decoy,414.80741209919523,2.9942737692649755
DECOY_1199,-6.676578497550924,decoy,343.8779953212661,3.040547338749387
DECOY_1460,-6.535695634952743,decoy,379.47723017349193,2.936032506778729
DECOY_1205,-5.743939718456023,decoy,331.2772792341849,3.4060649873121895
DECOY_1322,-4.669814611621872,decoy,478.858400274625,2.9186138147118332
DECOY_1305,-7.784604777731047,decoy,424.57901712712976,3.0244225775360194
DECOY_1438,-9.559533607638421,decoy,361.4923008445091,3.156886773495251
DECOY_1380,-6.302848643224808,decoy,417.4963150603266,2.040875996970429
DECOY_0746,-5.86637776653926,decoy,359.4311245035809,3.2636228534480973
DECOY_0596,-6.57133320161146,decoy,327.89790692813597,3.028114338788228
DECOY_0963,-5.428482263315774,decoy,373.0097747533788,2.409529616525089
DECOY_0507,-8.62136324655217,decoy,311.00013057336923,3.001052040772601
DECOY_0632,-6.2203502903910435,decoy,397.3616483246313,1.7717158978588234
DECOY_0528,-5.779194898995585,decoy,389.48027069006605,2.6101066644010698
DECOY_1060,-6.449278698371757,decoy,458.8475648826141,3.668610664693392
DECOY_1217,-4.84952347846389,decoy,375.6547395405169,3.5454307420961095
DECOY_1134,-8.030595350909207,decoy,354.23503408979894,2.0180279655930082
DECOY_0475,-7.230763653342925,decoy,263.44045778806515,2.360505892789177
DECOY_1010,-4.4503118329648705,decoy,400.58854197713464,3.1816782616775967
DECOY_0491,-7.240639630037403,decoy,367.46683282460333,3.106563282022142
DECOY_1145,-5.9207292777606435,decoy,413.1079976746065,2.7429042502452563
DECOY_0699,-7.445282283692317,decoy,433.4177027491872,3.3354007495873894
DECOY_1383,-4.73497605055243,decoy,404.1879933616825,2.6990747630608625
DECOY_0435,-4.7680811894017445,decoy,330.2996749409118,1.9144976454759974
DECOY_0046,-6.550473662433932,decoy,347.6455492667327,2.9620618535477634
DECOY_0971,-8.505049865566132,decoy,343.56149644799893,2.8680955958304875
DECOY_0514,-9.084298715450638,decoy,432.0952887515766,3.7561262052818
DECOY_1215,-7.937966199052299,decoy,430.51867047152695,2.423249427593364
DECOY_0693,-5.709195998291622,decoy,305.051276795359,2.500234345416087
DECOY_0814,-5.138329634697506,decoy,377.5261247925489,2.982298434477184
DECOY_0842,-8.044009428776,decoy,342.22104821173485,2.3315007667315317
DECOY_0989,-6.563221720135342,decoy,415.324879148329,1.9497222427182574
DECOY_0157,-6.389779985611809,decoy,322.74872571058023,1.4780392877331048
DECOY_0343,-5.156802116421372,decoy,446.1363784955752,3.140538922929708
DECOY_0745,-5.4554874656769465,decoy,396.1717563101388,2.6982517473830225
DECOY_0821,-5.206228851517007,decoy,403.81395687803644,3.617597067609277
DECOY_0348,-5.855006680959403,decoy,377.56989651430916,1.5904164946233315
DECOY_0717,-6.7424858685184095,decoy,380.65436435582313,2.664464702402272
DECOY_1373,-5.9927450106401885,decoy,330.64426566186427,1.2487483741751597
DECOY_1192,-7.032022345607206,decoy,421.65161843142664,3.8075118547336135
DECOY_0979,-7.072232543481601,decoy,381.65533015571106,2.0013748201394144
DECOY_0593,-5.916385314087987,decoy,350.9337620562823,2.7985816791173446
DECOY_0563,-6.579845607931845,decoy,402.9902265218474,2.388204706554255
DECOY_0911,-7.871337253673507,decoy,422.6289456505479,3.5031605045176235
DECOY_0676,-6.770360432435492,decoy,328.6138727350583,2.3933996542577525
DECOY_0634,-6.1671400174889675,decoy,366.3357981414328,3.1333173365502436
DECOY_0049,-5.530274080947461,decoy,364.3082964992669,2.5115250985722524
DECOY_0755,-7.069532153938055,decoy,415.4194107066153,3.026167935974605
DECOY_0357,-8.600083797744793,decoy,429.14288606488543,2.839471550493403
DECOY_0453,-5.25859764456353,decoy,443.72284992723894,2.5074325967030666
DECOY_1022,-7.238893424049957,decoy,338.24980614740133,2.3192500734301293
DECOY_1007,-7.919140196929579,decoy,411.5977758307477,3.215094996052848
DECOY_0880,-8.469665473266437,decoy,373.4079627278704,1.6540522748287112
DECOY_0730,-6.375194204532201,decoy,334.51592265453075,3.068931682168103
DECOY_0151,-6.175131111671014,decoy,448.2925355281078,2.8337611031144085
DECOY_0085,-5.694924992145145,decoy,367.26357489523264,4.090813689925482
DECOY_1002,-8.197822692934102,decoy,428.7856119505635,2.9038724063565553
ACTIVE_041,-10.869510307667355,active,431.52454425022006,3.2433490426939797
DECOY_0968,-6.1522378103866044,decoy,385.24787472777433,1.5721352797385302
DECOY_0181,-7.428034422296314,decoy,337.8876417917624,2.3106128957886303
DECOY_0329,-6.7094489981398,decoy,311.4773782645278,3.0967426111944265
DECOY_0239,-6.671744445497278,decoy,405.93884094808965,3.2025898467392357
DECOY_0369,-5.614231835184718,decoy,422.81261578821363,3.411024732079005
DECOY_0342,-5.175442189349925,decoy,331.31015865785696,2.524461871226265
DECOY_0543,-6.989073014902666,decoy,361.1735011722247,3.2954618586126916
DECOY_1113,-6.26269004711852,decoy,382.8757867306693,3.747875967207786
DECOY_1037,-7.040629665915259,decoy,398.2011441143963,1.4460106225753069
DECOY_0598,-7.211986765609646,decoy,449.1038726107112,2.2353546643999342
DECOY_1103,-9.06612009244178,decoy,287.888196323746,1.8967685507353034
DECOY_1318,-6.40354181023339,decoy,347.9420964723966,4.106427623611505
DECOY_0471,-6.369209850495349,decoy,425.60537600760205,2.593265503293835
DECOY_0015,-6.387854051609113,decoy,341.5539868202749,2.2780091048667677
ACTIVE_015,-9.993564456840701,active,333.01434901421726,2.983726632268187
DECOY_1131,-6.609809676865143,decoy,296.495594725361,2.0340702229947527
DECOY_1015,-7.195760238361558,decoy,437.0702129354124,3.1040041198870814
DECOY_0443,-7.800453377154405,decoy,330.0713702904985,2.49419522297001
DECOY_0330,-7.611468434309798,decoy,407.77997898764875,3.3842428370971738
DECOY_0138,-7.040914177909938,decoy,378.64447532163115,3.634148297163378
DECOY_0714,-5.71486160197503,decoy,284.5659239893365,3.0052076211754946
DECOY_0167,-8.560305775263547,decoy,478.79356143787606,3.720406065181967
DECOY_0742,-6.754375025074953,decoy,354.85520820591097,2.4163005018757744
DECOY_1027,-7.445520404519523,decoy,394.3147238085071,3.0548086127042717
DECOY_0829,-6.9061670528864205,decoy,352.6614745272951,2.190809953143514
DECOY_0288,-5.841697953386803,decoy,402.7027548152207,3.0905903408880433
DECOY_0670,-7.617360035712386,decoy,403.571520391192,3.875903772618204
DECOY_0246,-7.3040963407139055,decoy,361.23532375714854,2.232403550732325
DECOY_0967,-5.910700679746716,decoy,446.08113894372593,2.281583269509942
DECOY_1226,-6.945621464531722,decoy,443.5275375055199,2.4850197306763677
DECOY_0406,-5.524584845318621,decoy,351.42622713465107,1.7692267998405584
DECOY_1497,-6.427346256988565,decoy,326.358088333505,2.5295953671315514
DECOY_0766,-7.4801925625748895,decoy,382.06037607115456,3.2517588775911213
DECOY_0220,-5.1201379179719995,decoy,338.45065890639006,2.0818354119455824
DECOY_0946,-7.026015614266065,decoy,296.14117883489007,3.057147885729069
DECOY_0152,-7.172736788592898,decoy,375.28696975706913,2.5989064997746794
DECOY_0112,-5.943793653568046,decoy,381.56878128789003,2.868901256358208
DECOY_0680,-5.04801772186881,decoy,365.9695866891108,3.1507590948059825
DECOY_0352,-5.6086791883662,decoy,396.47388141591324,2.4972055344988373
DECOY_0653,-8.12110775747619,decoy,378.0494901673255,2.179411063160514
DECOY_1080,-4.678271932956367,decoy,374.0964930934979,1.3239530087044977
DECOY_0516,-6.312114496210244,decoy,357.7882239737329,3.3131121865881417
DECOY_1364,-8.016624811611392,decoy,337.5781786727901,2.563520925412981
DECOY_0972,-6.675110950833012,decoy,388.8787614058242,3.512676221437737
DECOY_0976,-7.33399254128244,decoy,351.82872782085184,3.9788098765164515
DECOY_1362,-5.898080703724515,decoy,443.4486568272024,4.122777911524323
DECOY_1055,-7.4338407430626505,decoy,407.14609950918083,1.672504180359535
DECOY_0156,-8.373801766613287,decoy,394.82880331603815,1.7477533871202213
ACTIVE_035,-10.308521491850001,active,382.3730930102903,3.6029809969182844
DECOY_0726,-7.13020487640853,decoy,508.75750851306253,2.837515583071814
DECOY_0459,-7.071145322750901,decoy,416.75190430866644,2.2626551856319583
DECOY_1402,-6.796349702332393,decoy,448.08749094857916,3.2687733397458603
DECOY_1429,-7.449583675197678,decoy,382.62896380773265,2.082182494476559
DECOY_1475,-5.666727373568733,decoy,384.91195246279733,2.006202771085923
DECOY_1341,-6.406245861757845,decoy,448.44273153163834,3.8980443432295386
DECOY_0042,-8.231436812811403,decoy,419.68028526951593,3.3940227475146334
DECOY_1314,-7.965847974085706,decoy,370.06523181470504,2.463100408196607
DECOY_0848,-7.596399567701054,decoy,405.9506109805372,3.3004485866015063
DECOY_0515,-6.989410252520678,decoy,390.45046506569975,3.4952226222557634
DECOY_1320,-5.625727798628048,decoy,447.76690499551336,4.011644310049476
DECOY_0727,-7.132207057045986,decoy,354.78296165387667,0.5386163171830205
DECOY_0192,-7.001649575250079,decoy,450.17689019087425,3.265587992473645
ACTIVE_014,-9.898882631491796,active,412.9507260417514,3.363113499492305
DECOY_0266,-7.748419310897622,decoy,358.8787684053731,2.2163195749255675
DECOY_0551,-5.845165844649153,decoy,389.4423542209171,2.1940417048753824
DECOY_0338,-5.032595881488746,decoy,321.28987597128787,2.5174685154318954
DECOY_1248,-5.377089611531337,decoy,268.26486483804285,3.296879530536204
DECOY_0117,-7.637051919308505,decoy,382.0631568699629,1.0909906556344648
DECOY_0791,-6.223926817035557,decoy,399.428020189333,2.9412781982187117
ACTIVE_021,-9.681948346655792,active,418.6086040274959,4.181337486452055
DECOY_0597,-6.208721286222331,decoy,439.7426008683224,3.926241668709919
DECOY_1105,-5.9098045160630175,decoy,406.14733647834964,2.6209441973703442
DECOY_0782,-6.644111659612502,decoy,429.37799703468954,4.68889961386053
DECOY_1218,-7.880228763206437,decoy,420.88774012110173,1.8945742438764857
DECOY_0513,-5.497305542591656,decoy,448.5917088047214,2.2729600264976515
DECOY_1459,-7.056606794970216,decoy,398.2148575283602,3.411278147683116
DECOY_0637,-6.48621249868733,decoy,293.4301485365606,2.753878806963508
DECOY_0908,-6.236601315900291,decoy,346.9602973878648,2.1012803047862985
DECOY_0140,-8.160779735934206,decoy,250.3892716771398,2.779257785762592
DECOY_0926,-8.115221636785371,decoy,376.34197190079,2.312824185177137
DECOY_0650,-5.48947646514719,decoy,352.7836060943916,2.481433701248067
DECOY_1450,-4.382811210076746,decoy,366.72772206264744,3.299418476334776
DECOY_0461,-6.810732437333883,decoy,433.4344892116663,2.0166924174773238
DECOY_1033,-5.420825997658591,decoy,411.7881068101191,3.1348893450612714
DECOY_0425,-6.012690004476983,decoy,350.6029462778367,3.159779208938714
DECOY_0807,-7.254027052221398,decoy,478.3363986351521,3.5101135579726233
DECOY_0698,-5.183128495102447,decoy,402.459322386941,2.4892889259461763
DECOY_0203,-7.425198957876532,decoy,371.78399971093546,2.7618599613882706
ACTIVE_022,-8.83146811514911,active,388.82178385074576,2.336405717233103
DECOY_1288,-7.1433900415435705,decoy,450.3433588287886,3.8352887813552607
DECOY_0410,-7.456546578508175,decoy,416.7084618616209,2.322238064928816
DECOY_1135,-6.048766541541431,decoy,405.2117552609982,3.38035888044072
DECOY_0227,-8.653518864060526,decoy,415.56984494049544,2.3859876959779176
DECOY_0906,-8.652716302839051,decoy,429.8500542397542,2.893299464109682
DECOY_1166,-7.743994735686284,decoy,473.05684298156035,2.120509859687978
DECOY_0336,-7.654083998705316,decoy,403.51138439822876,2.264018351459983
DECOY_0756,-6.779652542198743,decoy,333.29175625459374,1.292555405801529
DECOY_1388,-6.123023836310044,decoy,354.6789229594442,2.2147985949207047
DECOY_1466,-7.047401688941825,decoy,351.365593532351,3.2549443749350857
DECOY_0294,-7.736630890241292,decoy,431.48609130472323,2.3674362441192622
DECOY_0720,-8.182792650250356,decoy,361.72947181522835,2.5964124988757864
DECOY_1283,-5.523283561079582,decoy,372.2092935337345,2.9687906313633423
DECOY_0081,-8.023361419027896,decoy,354.76905036878566,3.7287159110835586
DECOY_0822,-7.577870763312175,decoy,377.8553163427229,2.6172641312655394
DECOY_1074,-7.664946904588749,decoy,429.4186932103201,1.9922308136282814
DECOY_1347,-6.067986442087969,decoy,313.87105436648983,2.3736875326120073
DECOY_0038,-5.6301047567028935,decoy,400.11751378822146,3.0967247287913082
DECOY_1433,-5.985014298714127,decoy,400.81178814824256,2.9082564061716405
DECOY_0281,-6.970469769658408,decoy,338.84078556786335,1.0184717754257067
DECOY_1189,-6.911870944752008,decoy,415.0980714002577,2.864275879232571
DECOY_0417,-7.692905545340047,decoy,397.92298170136854,2.964114325294948
DECOY_0072,-6.0698381075828,decoy,298.01121698215115,1.7671052926232123
DECOY_0995,-8.484690887583277,decoy,437.9428526607825,2.7241498143748877
DECOY_1046,-7.5046617712432235,decoy,454.1897014437167,3.517529480799505
DECOY_1081,-5.557401113073127,decoy,373.9965340828476,3.3892861268646675
DECOY_1245,-7.535877066042224,decoy,363.1725959673913,3.068815302357173
DECOY_0811,-9.46339263997291,decoy,382.4207007150369,2.1761374732340357
DECOY_1410,-6.756737453626058,decoy,391.1234741446813,3.896780052789818
DECOY_1077,-8.261764883696554,decoy,388.4384513274017,1.7930849702714764
